"film_id","year","length","budget","votes","genre","rating"
39891,2003,75,10.9,17,"Action",4.4
33810,2004,120,19.6,21,"Documentary",7.3
20282,1941,78,11.7,14,"Action",2.7
33131,1959,106,12,14,"Drama",4.9
50633,1917,70,14.8,9,"Drama",5.6
37020,1934,64,11.6,8,"Drama",4.7
55337,2003,91,12.6,182,"Comedy",4.4
28037,1988,101,10.1,274,"Action",4.3
13291,1981,78,14.2,61,"Action",4.3
11359,1935,7,6.6,10,"Animation",8.8
50491,1932,21,10.9,5,"Comedy",7.3
50782,1919,NA,8.1,8,"Animation",8.3
10870,1991,99,15.8,349,"Action",7.9
11138,1970,101,15.5,24,"Comedy",8.3
8012,1969,110,11.7,20168,"Action",3.6
17689,1949,94,15.2,27,"Action",3.3
11321,1970,97,11,178,"Action",3.9
1295,1983,88,17.1,44,"Comedy",8.7
33139,1988,NA,13.7,10,"Drama",3.4
640,2001,83,12,90,"Documentary",7.7
44756,2001,99,13,326,"Comedy",7.6
20065,1966,82,12.9,113,"Comedy",8.1
4120,1990,93,11.2,13,"Comedy",8.6
3745,1951,82,13.8,140,"Drama",4.6
49224,2002,2,13.4,21,"Short",7.9
27078,1992,105,9.8,107,"Comedy",4.5
53835,2002,109,10.6,142,"Comedy",4.5
40914,1998,90,11,9,"Action",6.5
21593,1994,96,12.2,642,"Action",3.8
16027,1989,119,15.3,462,"Drama",5.9
29975,2003,90,12.1,35,"Action",5
30245,1961,108,11.2,11,"Drama",3.5
58435,1982,153,14.9,71,"Drama",2.9
50657,1990,93,13.3,1113,"Action",3.6
43347,1986,87,13.6,22,"Drama",3.1
21656,1991,92,9.1,507,"Action",7.4
52885,1996,4,12.8,5,"Short",8.6
35414,1950,93,9.8,133,"Drama",3.1
46603,2002,95,13.5,48,"Action",5.6
39446,1991,60,10.6,6,"Action",4.4
39014,1964,87,16.5,2268,"Drama",3.5
7268,2000,122,10.4,528,"Action",4
34513,2001,4,9.5,19,"Animation",8.4
27058,1980,30,11,9,"Short",7.9
17302,1985,59,11.1,17,"Comedy",8.8
36724,1922,70,16.8,18,"Drama",3.9
58257,2000,87,18.6,56,"Drama",3.8
32040,1998,132,6.8,11127,"Action",4.7
52568,1950,7,15.2,59,"Animation",8
21136,1978,110,7.9,22214,"Comedy",2.9
40479,1960,94,15.4,30,"Action",4.5
45015,1952,115,11.4,779,"Drama",2.4
42409,1966,72,5.6,117,"Action",4.9
41168,1998,117,12.8,780,"Drama",5.3
31876,2001,73,15.1,5,"Documentary",8.1
43658,1986,39,14.2,10,"Documentary",8.3
39227,1982,88,12.8,197,"Drama",4.3
55707,1988,115,14.4,22,"Action",4.1
17886,1990,85,11.7,1098,"Action",3.8
55109,1978,120,12.7,5,"Action",4.1
13066,1982,116,13.1,1813,"Comedy",7.7
58507,2001,5,11.5,5,"Comedy",8.4
55752,1980,98,12.2,48,"Drama",2.8
5791,1951,100,16,92,"Drama",3.1
2810,1991,85,12,11,"Action",5.2
24185,1992,95,13.3,23,"Action",3.2
9382,2005,10,11.1,6,"Short",8.4
57758,1986,94,11.6,18,"Drama",3.3
31573,1986,90,13.7,10,"Action",4.1
44518,2002,22,12.1,5,"Short",8
25167,1967,6,12.5,6,"Animation",8.4
26934,1974,120,11.7,19,"Action",3.6
47359,1972,104,12.1,1521,"Comedy",3.1
24011,1949,7,10.4,50,"Animation",7.4
7322,2004,85,4.4,575,"Comedy",3.8
31461,1995,96,11.7,63,"Comedy",3.8
25099,2002,88,10.3,815,"Drama",4
31589,1951,88,6.3,17,"Drama",3.5
9876,1996,101,6,16,"Action",4.3
7991,1988,102,11.6,470,"Comedy",7.4
47119,2001,14,12.6,22,"Drama",7.8
32890,1983,114,18.3,5,"Drama",5.3
26327,1969,92,12.9,91,"Drama",3.3
14115,1999,93,8,50,"Comedy",4.7
46738,1992,101,13.4,987,"Action",3
46390,1976,7,12.4,12,"Animation",7.6
10886,1986,86,8.9,23,"Comedy",2.3
44411,1956,90,9.1,26,"Action",4.3
55937,2002,91,10.8,862,"Comedy",4.6
56279,1937,15,7.7,15,"Documentary",8.1
49849,2004,76,10.8,9,"Drama",5.4
53966,2000,81,8.1,48,"Drama",3.3
25385,1991,137,15.3,381,"Drama",5.3
40642,1974,NA,13.4,6,"Action",3.9
25622,1973,85,9.1,252,"Action",4
31762,2002,90,9,16,"Action",3.7
34375,1933,NA,6.1,13,"Drama",3.8
22619,1968,95,14.2,50,"Drama",3.3
37951,1933,69,9.7,53,"Comedy",4
33933,2000,8,14.3,12,"Animation",7.8
34962,2003,88,12.5,79,"Action",4
47336,1977,123,10.2,5509,"Action",3.4
42539,1987,87,10.8,630,"Comedy",8.8
7893,1968,108,10.6,183,"Comedy",8.2
41884,2000,40,10.4,30,"Drama",7.8
21071,1966,132,11.8,1258,"Comedy",8.4
15416,1936,75,12.1,10,"Drama",3.9
13062,1987,83,13,57,"Comedy",7.7
40537,1990,127,13.4,12,"Action",3.7
6582,1970,99,15.4,153,"Comedy",8.1
38548,1930,70,15.3,8,"Drama",3.3
5429,1996,96,12.2,808,"Drama",3.8
22454,1918,117,12.4,76,"Drama",3.7
53460,1981,81,13.4,8,"Action",5.3
4333,2001,103,14.1,723,"Drama",4.4
49779,1998,91,8.3,36,"Drama",4.4
47082,1930,86,7.1,22,"Drama",3.9
37860,2001,9,11.3,78,"Comedy",8.1
5159,1991,100,8.2,9,"Drama",3.7
3226,1992,100,10.2,649,"Comedy",2.4
1993,1992,111,16,2046,"Drama",4.1
57271,1974,25,16,209,"Animation",8.1
22797,1933,18,12.2,5,"Comedy",8.2
5471,2002,118,10,15,"Action",4
17060,1981,95,10.1,307,"Drama",3.1
41680,2002,95,8.8,18169,"Comedy",3.4
32287,2003,90,13,7,"Action",3.4
21438,1997,91,17.4,19,"Action",7.5
10033,2001,102,10.9,1234,"Action",2.7
36661,2001,98,12.6,7184,"Comedy",4.9
39316,1980,NA,9.6,28,"Action",6
8287,1944,56,11.4,9,"Action",2
5370,1998,105,9.2,41,"Drama",3.8
25710,1934,8,11.7,15,"Documentary",7.7
15371,2001,21,17.6,6,"Comedy",7.4
51642,1945,115,11.7,21,"Drama",6
24082,1998,124,12.1,1475,"Drama",1.6
49382,1945,62,11.3,17,"Drama",3.7
45796,1959,85,17.1,58,"Documentary",7.5
5868,1985,NA,10.6,11,"Drama",2.8
28282,1983,128,8.1,8,"Action",3
13247,1995,95,13.1,312,"Drama",5.6
14812,1976,85,9.7,31,"Action",3.6
53184,2000,147,13.3,8,"Comedy",8.3
41930,2004,131,13.2,19,"Action",1.9
7505,1987,133,14.8,5008,"Comedy",1.6
11744,1943,90,12.4,110,"Drama",3.7
45700,1947,88,12.3,80,"Comedy",8.6
30253,1991,86,11.1,24,"Comedy",7.4
36768,1937,68,14.3,10,"Comedy",8.2
10327,1960,110,16.8,62,"Drama",2.5
43993,1929,91,8.9,7,"Drama",3.2
2202,1976,77,14.2,13,"Comedy",8.8
54808,1962,80,13.1,6,"Action",5.9
56651,1998,89,12.7,11,"Drama",3.5
39235,1969,83,18.4,6,"Action",7.1
58285,1995,17,12.3,113,"Comedy",8
36755,1959,19,8.8,20,"Animation",8.4
2637,2001,84,10.3,5605,"Comedy",7.9
32698,1985,141,10.9,38,"Action",3.9
24480,1985,83,12.9,21,"Documentary",8
36618,1992,96,14.4,9,"Comedy",3.6
1980,1961,90,11.1,22,"Drama",3
32928,1933,68,13.5,15,"Comedy",8.2
36202,1967,110,16.4,45,"Action",7.6
47602,1946,87,11.5,39,"Drama",4.1
17563,1926,170,13.6,16,"Action",4
33347,1989,95,11,10,"Action",4.1
50005,1941,10,9.7,148,"Action",3.3
17067,1985,91,15,1737,"Comedy",7.6
43914,1995,4,7.3,5,"Animation",3.5
57465,2005,95,11.1,33,"Action",4.4
15768,1960,146,10.2,1771,"Drama",4.3
7771,1979,89,7.4,585,"Comedy",4.6
28053,1940,97,13.6,34,"Action",3.8
45524,1987,110,10.1,4389,"Comedy",3.9
21381,1999,NA,15.2,165,"Comedy",7.7
33292,1939,60,12.7,10,"Action",4.7
17684,2003,104,11.4,14,"Action",3.3
49809,2003,105,13.3,5,"Drama",4.7
8310,1939,86,18.6,43,"Drama",3.3
30342,1961,NA,15.8,14,"Comedy",3.1
42566,1917,78,17,18,"Comedy",8.3
4878,1988,92,13.3,20966,"Comedy",7.7
28048,1933,23,13.6,8,"Short",7.9
43469,1987,10,9.4,6,"Action",7.5
42698,2003,12,13.5,10,"Comedy",8.6
50260,1969,154,14.6,640,"Comedy",3.5
24100,1969,95,8.8,105,"Comedy",2.5
54851,1972,84,7.8,305,"Action",4.1
37631,2004,141,9.5,199,"Drama",4.5
3693,1966,90,11.4,14,"Action",2.8
47815,2004,6,12.3,6,"Short",8
48088,1937,11,12.2,9,"Drama",8.1
41089,2001,8,10.1,21,"Drama",7.9
53194,1958,68,11.1,5,"Comedy",3.2
21459,1997,170,12.8,126,"Drama",3.9
10320,2004,50,11.7,20,"Documentary",8.4
23814,1943,88,10.8,7,"Action",3.5
5458,1960,130,13.9,15,"Action",4.9
30434,1997,83,11.5,67,"Action",4.6
144,1993,112,10.7,20,"Comedy",4.6
54873,1915,399,10.5,177,"Action",4.4
34900,1984,NA,16.8,5,"Comedy",7.1
24492,1970,98,11.5,30,"Comedy",7.1
53531,1988,93,13.4,9,"Comedy",8.1
14144,1954,8,13.6,47,"Animation",8.5
20219,2001,85,16.3,6,"Action",8
49090,1993,3,10,39,"Short",7.5
36256,1931,93,6.6,7,"Action",3.6
14008,1999,NA,11.7,17,"Action",4.9
14968,1982,95,5.9,7,"Drama",2.5
49741,1978,104,11.9,43,"Drama",3.4
15840,1996,24,14,6,"Short",8.5
36355,1999,80,14.6,21,"Action",2.9
1423,2000,NA,11,172,"Documentary",7.5
46604,1989,96,12.5,5,"Action",3.2
9486,1973,94,6.1,1596,"Animation",5.7
20827,1993,87,16,3468,"Drama",3.7
14695,1933,69,10.9,13,"Comedy",5.2
7729,1957,66,12.9,9,"Action",4.6
38203,1997,NA,16.2,5128,"Comedy",7.9
41874,1953,104,8.9,16,"Action",3.5
57557,1966,90,14.1,114,"Action",4.3
37697,1976,90,13.2,17,"Action",3.3
50233,1978,156,15.7,986,"Action",8.8
44754,1938,58,10.8,35,"Action",5.3
5822,2000,18,7.6,29,"Drama",7.8
54333,1985,97,16.2,67,"Comedy",7.7
10291,1997,98,13.2,46,"Drama",4.5
26568,2000,100,12.8,78,"Comedy",2.7
21232,1903,12,11,849,"Action",7.9
28794,2003,7,9.2,9,"Short",8.2
7694,2001,84,13.3,2904,"Comedy",5.1
30217,1994,98,15.3,1222,"Drama",4.2
25174,1986,97,12.5,53,"Drama",3.6
25166,1915,15,13.4,96,"Comedy",8.4
797,2001,80,12,50,"Documentary",8
30747,2001,40,12.6,26,"Documentary",8.3
35081,1998,30,9.2,5,"Documentary",8.2
43867,1999,117,8.8,5,"Action",2.8
44782,2001,85,13.9,18,"Action",7.7
20080,2002,94,8.6,183,"Action",3.4
18468,1942,80,13.3,30,"Comedy",3.3
28375,1981,NA,10.1,8,"Action",4.2
27815,1982,90,11.8,88,"Documentary",8.4
18347,1952,7,10.2,36,"Animation",7.5
8329,1957,76,12.9,6,"Drama",3.5
5820,1968,123,10.5,55,"Comedy",4.5
12237,1997,86,10.2,17,"Drama",1.8
13853,1994,90,7.2,5,"Action",3.4
24359,2001,136,12,152,"Comedy",5.7
36607,1997,87,14.6,16,"Comedy",8.5
8636,1967,80,10.1,6,"Drama",5.2
41331,1949,106,7.9,10,"Comedy",1.6
38269,2004,8,13.7,18,"Drama",8
51945,1946,17,8,47,"Comedy",8.2
10967,1976,90,13.7,77,"Comedy",8
7109,1972,92,6.3,590,"Drama",3.3
39706,1948,7,10.5,19,"Animation",7.6
36728,1976,103,14,14,"Action",4.1
15529,1999,NA,13.2,10,"Short",8.1
20089,1977,92,12.5,14,"Action",5.2
16913,2004,15,7.7,5,"Animation",3
36567,1988,90,12.4,10,"Action",4.3
56357,1932,66,14.1,11,"Comedy",8.3
35045,1934,65,12.8,8,"Action",2.8
34265,2003,120,13.4,158,"Drama",2.7
13821,1962,7,11,26,"Animation",7.7
31895,1951,75,11.2,12,"Comedy",8.6
7300,1955,87,12.9,14,"Drama",2.2
22189,1982,107,10.8,56,"Drama",4.7
58641,1979,111,6.3,14,"Action",4.8
39266,1955,7,16.5,26,"Animation",7.9
44031,1931,11,12,6,"Short",8.3
13529,1955,96,11.8,16,"Drama",3.5
25152,1995,99,13.4,77,"Drama",2.2
12283,1998,126,5.7,906,"Drama",3.6
2848,1949,112,15.3,67,"Drama",4.3
14744,1962,108,16.2,350,"Action",8.7
51690,1989,83,12.7,22,"Action",4.6
1699,1996,17,12,55,"Short",8.1
31782,1985,78,15.5,75,"Drama",2.9
4096,1958,83,11.6,124,"Action",4.8
6333,1990,98,12.9,48,"Comedy",8.2
53955,1970,94,10.1,70,"Drama",3.5
315,2000,86,8.9,39,"Drama",5.5
27027,1991,116,8.4,25,"Comedy",4.5
13936,1996,7,11.2,16,"Animation",6
32786,1942,86,13.1,9,"Drama",3.8
57722,1969,NA,12.3,62,"Drama",5.2
51560,1960,107,10.2,8,"Comedy",7.9
26354,1978,90,7.8,55,"Action",5
27995,1959,94,4.7,12,"Drama",3.4
52109,2003,85,9,23,"Action",0.7
8101,1981,96,2.1,17,"Comedy",4.8
40651,1920,58,14.3,45,"Comedy",7.5
15253,1992,107,10,235,"Action",3.4
30346,2003,NA,13.8,2541,"Comedy",7.9
25559,1976,90,12.3,31,"Action",5.9
27940,1970,185,14.7,45,"Documentary",8.4
24025,1987,86,12,10,"Drama",2.3
2009,1955,109,11.7,11,"Drama",5.5
56778,2004,105,17.2,50,"Drama",4.6
2999,1980,95,8.5,10,"Action",3.9
39319,1983,96,9.6,10,"Drama",2.9
16235,1994,92,11,27,"Documentary",7.4
58494,1936,7,9.5,11,"Documentary",7.9
12116,1966,92,10.8,121,"Drama",3.8
46789,1973,118,15.8,41,"Drama",6.3
40288,1967,17,15.9,10,"Documentary",7.7
35434,1999,119,10.9,5440,"Comedy",3.8
47335,2002,92,11,811,"Comedy",8.2
1387,1951,94,12.8,18,"Drama",4.9
52773,2004,81,17.5,4050,"Action",8.1
46872,1984,85,13.3,563,"Action",3.1
34571,1938,82,12.8,15,"Drama",2.8
36014,1996,110,9.2,49,"Action",2.3
9649,1937,55,15,11,"Action",3.9
49486,1983,118,9.3,257,"Drama",3.7
12568,1970,83,10.5,9,"Comedy",8.3
44461,1933,64,13.2,5,"Comedy",7.8
25094,2001,92,11.5,9,"Documentary",7.4
22742,1942,6,13.8,37,"Animation",7.9
35712,1993,70,8.7,17,"Action",4.5
56648,1998,18,14.4,6,"Short",8.8
5565,1957,92,12.9,46,"Action",4.9
33105,1932,64,13,85,"Drama",4
40929,1997,110,15.1,323,"Action",8
8186,1939,83,16,6,"Comedy",3
34621,1994,90,11.7,15,"Action",7.8
32004,1965,81,8.8,11,"Animation",5.7
9207,1932,58,12.8,33,"Drama",3.4
13699,1992,NA,15.4,11,"Drama",2.8
32402,2005,103,12.2,77,"Comedy",2.6
25291,1995,96,12,1430,"Action",3
56345,2000,1,12,9,"Animation",3.6
34430,1986,94,5.9,12,"Drama",4.9
33054,1974,93,14,7,"Drama",5.7
28538,2001,128,11.8,17,"Drama",4.1
45826,1953,81,6.2,19,"Action",4.5
32550,1916,7,10.5,18,"Short",8.2
41316,1936,96,9.5,147,"Drama",5.1
420,2000,15,15.9,21,"Drama",8
3948,1943,19,18.5,56,"Comedy",7.4
52584,1992,120,13.9,48,"Documentary",8
51461,1936,104,11.5,30,"Comedy",8
5033,1987,91,11.9,16,"Comedy",7.8
43876,1950,97,10,385,"Drama",4.1
48351,1996,28,10.9,9,"Animation",4.3
18437,1997,108,9.3,19,"Comedy",4.1
11426,2001,1,6,11,"Animation",8.4
23378,1948,97,13.1,27,"Comedy",4
25632,2002,96,9.7,342,"Drama",4.1
1070,1948,110,18,362,"Romance",4.1
5030,1952,87,13.4,72,"Comedy",8.5
40897,1987,90,15.1,14,"Action",4.6
20102,1987,89,9.3,319,"Comedy",3.1
26710,1998,102,10.8,117,"Action",4.3
20005,2005,102,11.3,17,"Comedy",3.7
32191,1942,81,16,22,"Action",8.8
49976,2001,100,16.7,7728,"Comedy",7.8
53538,1983,96,4.4,27,"Comedy",3.4
20447,1994,60,9.6,20,"Action",3.6
43594,1967,110,7.5,88,"Drama",5
29539,1994,86,12.6,648,"Comedy",7.5
24337,2000,118,11,87,"Comedy",7.6
24133,1950,8,9.5,22,"Animation",8.3
27475,1999,96,12.6,26,"Drama",4.1
32361,1984,103,10.6,344,"Drama",3.9
46114,1932,218,10.8,36,"Drama",4.7
35773,1933,20,8.5,13,"Comedy",8
36231,1997,95,15,175,"Comedy",5
39402,2000,84,12.1,37,"Comedy",8.2
2716,1995,102,11.1,7,"Animation",3.6
20068,1959,65,10.4,49,"Comedy",7.8
54595,1981,NA,9,34,"Action",4.3
24937,2004,30,13.3,7,"Drama",7.8
30456,1956,94,12.3,8,"Drama",3.4
13799,1998,NA,12.1,7,"Animation",5.8
43472,1976,NA,5.7,304,"Comedy",4.7
54001,1977,81,9.3,88,"Action",2.5
47698,1980,17,19.5,7,"Short",8.3
17052,1942,10,9.6,5,"Documentary",8.1
25642,1964,92,9.7,7,"Action",3.6
53855,1928,21,11.2,115,"Comedy",7.6
3729,1969,80,13.2,7,"Comedy",7.7
33230,1997,103,10.7,11,"Action",4.1
14267,1988,3,9.4,8,"Animation",8.3
5488,2004,88,8.4,2505,"Comedy",4.7
10887,1986,115,16.6,38,"Drama",2.6
7048,1979,102,12,51,"Drama",3.7
9814,1999,101,13.4,2542,"Action",7.7
31847,1917,75,11.3,14,"Drama",3.8
41207,1960,60,7.6,74,"Documentary",5.9
8587,1927,87,14.4,18,"Action",4.2
51905,1922,60,14.2,9,"Comedy",8.7
1148,1932,55,9.1,9,"Action",5.1
29493,1991,100,9.5,70,"Action",4.8
56147,1995,40,12.8,7,"Short",8.6
21308,1985,85,13.6,7,"Drama",3.8
15640,2002,15,10.1,5,"Short",8.2
29429,1981,98,17.2,307,"Action",8.3
25357,2004,89,13.9,50,"Drama",4.8
2153,1999,100,12.1,7,"Comedy",8.3
28462,1993,187,15.3,19,"Action",2.7
26659,1988,91,10.5,969,"Comedy",8.2
51209,2003,NA,16.8,24,"Comedy",8.3
37778,1951,74,9.2,25,"Drama",4.1
9227,1991,105,10.5,125,"Drama",3.9
41306,1993,91,12.4,105,"Drama",4.7
29073,1953,73,8.8,27,"Action",6.1
7782,1999,82,13.5,10,"Comedy",7.4
11075,1990,104,9,11,"Action",4.3
28850,2002,107,9.7,56,"Drama",4.1
2474,1987,90,16.8,12,"Drama",4.3
10130,1938,8,6.3,19,"Animation",7.8
57508,1920,235,10.4,9,"Drama",4.3
57684,1998,102,10.6,87,"Drama",3
44282,1957,17,10.9,24,"Comedy",8.1
51010,1995,85,16.4,7,"Drama",2.4
26823,1959,126,14.2,180,"Drama",5.5
46393,1924,44,7.7,1863,"Comedy",7.8
2850,1932,6,10.8,11,"Animation",2.8
39151,1968,99,13.5,4235,"Comedy",7.4
958,1995,106,7,30,"Comedy",6
50445,1997,NA,17.1,55,"Comedy",7.4
47532,1937,59,13.6,43,"Action",5.4
54818,1945,119,11.1,200,"Drama",5.2
21772,1990,92,14.2,10,"Comedy",7.6
45142,1970,88,8.9,7,"Action",2.6
7918,2003,9,10.6,12,"Comedy",8.1
21182,1936,75,5.1,94,"Drama",3.6
11775,1996,84,11,3656,"Action",2.7
44403,1978,102,11.4,9,"Action",4.1
46143,1973,112,17,475,"Action",4.1
3898,1965,100,8.4,162,"Drama",4.8
57499,1953,90,11,23,"Drama",4.8
43941,2002,40,7.7,7,"Drama",7.9
4800,1995,30,7.7,13,"Short",7.5
10329,2002,82,11.5,18,"Documentary",7.2
53641,1973,112,14,1218,"Drama",3.4
48390,1999,98,12.3,178,"Drama",4.5
40615,1985,97,11.8,5022,"Comedy",8.2
12331,1996,82,9.3,173,"Action",7.6
32567,1999,94,13.6,36,"Drama",1.7
1796,1941,17,14.1,74,"Comedy",7.1
54284,1998,93,5.3,20,"Action",3.8
28367,1964,NA,9.5,32,"Drama",5.2
22038,1952,94,17.5,24,"Comedy",8.2
8336,1997,15,12.5,14,"Short",8.6
27143,1988,90,16.7,59,"Comedy",8
1914,2000,99,11.4,15,"Action",2.9
3117,1948,NA,9.9,20,"Action",3.7
53750,2000,76,18,21,"Drama",8.6
23233,2000,45,16.9,16,"Documentary",8.5
38096,1995,104,9.7,1274,"Action",8.2
41235,1988,107,13.5,11,"Drama",4.1
58051,1956,99,14.6,27,"Drama",2.6
36277,1941,9,12.1,62,"Animation",7.6
12276,1982,91,17.3,5,"Comedy",7.7
49640,1929,62,9.6,5,"Action",4.2
34903,1991,10,17.3,18,"Drama",7.4
35746,1999,10,9.7,9,"Short",8
33921,1950,90,9.7,118,"Comedy",3.3
54314,1994,47,7.4,71,"Action",4.6
49239,1960,78,13.1,53,"Action",3.3
18298,2001,81,13.2,7,"Action",4
50327,1968,95,11.4,810,"Drama",4.4
7000,1973,100,12.6,56,"Drama",3.7
39311,1994,138,18.9,163,"Action",7.9
3137,1986,86,11.3,70,"Action",4.2
45514,2000,98,12.5,66,"Comedy",8.4
29661,2004,13,8.8,9,"Drama",7.3
47515,1998,110,16.1,6938,"Action",7.5
43672,2005,93,10.3,39,"Documentary",7.1
56691,1999,10,14,70,"Animation",3.8
33746,1992,88,15.3,315,"Comedy",4.9
53699,1956,7,12.8,28,"Animation",8
29436,1976,311,7.1,28,"Action",2.5
11972,2001,103,8.2,5846,"Comedy",4
13860,1998,75,15.4,116,"Drama",5.1
16066,1951,85,14.4,407,"Drama",4.9
6589,1954,80,15.4,11,"Drama",2.8
37608,1953,60,10.2,11,"Action",3
1650,1991,90,10.2,21,"Comedy",7.7
53589,1991,4,5,5,"Short",8.1
28767,1952,78,13.4,7,"Action",3
57518,1928,98,12.8,100,"Drama",4.2
22762,1999,85,9.6,80,"Drama",4.7
20340,2000,101,7.2,58,"Comedy",2.8
16141,1990,24,11.1,9,"Animation",7.7
50016,1954,77,16.6,9,"Action",8.5
10254,1941,74,16.6,9,"Action",8
54886,1971,91,14,529,"Action",3.5
37089,1983,89,15.2,24,"Drama",3.7
49374,1949,68,14.8,27,"Drama",3.2
15772,1956,94,11,24,"Drama",4
55824,1999,103,15.4,36,"Action",4
55018,1960,104,10.8,5,"Drama",4.2
24053,1993,82,10.4,11,"Comedy",7.9
56026,1926,8,11.8,30,"Comedy",8.5
175,2002,93,16.1,196,"Comedy",8
43886,1941,8,9.8,9,"Animation",8.8
37846,1916,34,15.6,222,"Comedy",7.9
13657,1962,71,12.2,31,"Action",3.6
16908,2003,20,12.6,19,"Short",7.8
19109,2004,80,13.3,42,"Comedy",7.8
55142,1998,91,5.3,71,"Drama",5.2
45244,2001,57,10.4,38,"Documentary",8.4
36921,1943,94,12.2,109,"Action",4.4
45564,1984,120,8.2,15,"Action",4.8
39834,1940,61,14.8,7,"Action",3.7
56846,1985,136,12.2,1243,"Drama",3.2
3566,1941,NA,11.6,7,"Romance",4.5
51295,1992,12,7,9,"Comedy",8.2
15489,1993,91,11.1,10,"Action",1.9
40764,1937,7,12.7,18,"Animation",8.2
26604,1976,110,11.5,23,"Drama",4.6
14786,1997,47,17.5,54,"Action",7.3
39374,1990,94,8.7,23,"Action",4.5
18585,2003,94,11.3,234,"Comedy",5.7
36259,2004,75,10.3,6,"Documentary",8.1
40002,1970,100,11.3,74,"Drama",4.3
7128,1976,35,10.4,6,"Short",7.5
11481,1996,96,9.8,69,"Action",3.9
12559,2002,5,12.9,45,"Comedy",8.6
39028,1974,75,13,6,"Comedy",8
30202,1993,90,13.4,94,"Comedy",8.2
14930,2004,7,9.5,5,"Comedy",8.5
30594,1979,67,12.6,5,"Documentary",8.2
5266,1926,95,14.7,33,"Comedy",8.4
17793,1980,103,13.4,2572,"Drama",2.7
10282,1967,100,16.3,310,"Drama",5.4
22792,1952,75,13.9,26,"Comedy",8
19206,1984,NA,13.3,64,"Drama",2.5
46093,2002,79,13,5,"Documentary",8.3
53854,2003,14,8.3,8,"Short",7.4
33407,1931,7,10,41,"Animation",8.5
41414,2003,104,5.8,124,"Comedy",4.2
51133,1926,106,11.9,62,"Drama",4.7
48913,1931,68,15.8,63,"Drama",4.1
50281,1990,101,12.1,14,"Action",4
33,1996,99,8.1,6,"Comedy",2.8
40762,1949,7,13.5,57,"Animation",8.5
43454,1981,NA,11.4,38,"Drama",5
55321,1992,100,16.2,33,"Comedy",7.8
26284,2004,105,11.1,17,"Romance",4.2
31909,2003,110,10.7,4231,"Action",4.7
54877,1957,78,17,80,"Action",8.9
22690,1987,105,8.2,112,"Comedy",4.3
53971,1963,120,12.2,191,"Drama",3.7
51496,1989,82,11.5,48,"Comedy",7.7
32820,1942,7,16.8,16,"Animation",7.8
5780,1992,111,14.3,43,"Action",5.1
39745,2001,77,11.9,5,"Action",3.3
58016,1982,110,6.3,113,"Comedy",4.9
30681,2000,92,15.4,5152,"Comedy",4.1
2044,1948,NA,14,53,"Action",0.8
48998,1990,134,11.3,2111,"Drama",2.6
31506,1990,20,18.9,23,"Documentary",8.1
47998,1986,27,15.1,12,"Short",8.4
52318,1957,98,14.9,25,"Drama",5.2
44393,1958,84,10.4,84,"Action",2.9
36685,1939,56,13.3,12,"Drama",2.8
51082,1983,91,16.2,5,"Comedy",7.8
6750,1982,101,15.2,185,"Action",8
43117,1987,82,12.5,41,"Action",4.8
57338,1939,7,10.3,19,"Animation",8
40399,1987,100,6.7,17,"Comedy",4.8
33058,1982,76,15.6,13,"Action",8.1
6930,1999,1,10.1,11,"Short",7.7
35100,1979,93,9.6,5,"Action",4.4
27512,1995,92,12.2,98,"Drama",4.7
56112,1987,79,19.3,87,"Drama",5.5
22078,2003,79,16.8,56,"Action",7.5
49682,2000,9,11.3,17,"Animation",4.4
39844,1940,62,7.8,42,"Action",2.5
1192,1951,105,9.3,13765,"Comedy",5.4
12696,1976,81,10.9,7,"Drama",3.7
50760,1997,NA,14.8,5,"Drama",4
1940,1983,84,6.8,224,"Animation",5.3
36246,2003,90,16,431,"Comedy",8.5
20323,1959,90,14.9,134,"Drama",2.6
44703,1954,7,8.9,38,"Animation",8.5
51567,1938,81,4.4,6,"Comedy",5.3
3678,2004,107,10.9,48,"Drama",2.6
53981,1955,123,13.3,83,"Drama",4.9
33201,1934,64,9.5,6,"Comedy",8.1
36272,1932,70,10,34,"Drama",3.8
40761,1938,7,13,24,"Animation",7.1
6053,2003,96,15.3,405,"Comedy",7.5
22669,2000,3,11.9,8,"Animation",8.5
21865,1996,242,8.2,10065,"Drama",6.1
29218,1931,31,5.5,138,"Comedy",7.2
24693,1998,79,16,120,"Action",7.9
29995,2001,92,10.1,50,"Drama",4.3
54299,1995,30,17.3,5,"Short",7.9
32426,1972,88,10.5,75,"Documentary",7.9
19829,1965,124,13.1,231,"Drama",4.6
42345,1998,90,9.7,98,"Action",4.2
12841,1977,76,14.1,18,"Action",4.2
26936,1962,105,11.1,3651,"Drama",4.4
34277,1979,98,10.1,36,"Action",3.4
10379,1994,119,6.9,8340,"Drama",3.6
39627,1967,13,12.2,111,"Documentary",9
14044,2001,10,11.5,46,"Short",7.5
834,1967,105,10.5,340,"Drama",4.5
55382,1978,103,9.7,59,"Drama",4.8
25945,1951,89,10.8,47,"Comedy",2.7
42686,2003,93,12.8,58,"Action",7.7
39117,1995,8,15.6,36,"Short",7.8
28269,1997,87,14.5,34,"Action",3.9
56388,2001,95,12.7,54,"Action",2.3
10421,1942,67,14.1,6,"Action",3.5
12257,1987,42,8.6,5,"Short",8
28479,2003,96,8.7,29,"Drama",5
18965,1992,110,14.8,2928,"Action",7.6
56367,1971,93,13.4,15,"Drama",3
13047,1986,93,12.1,46,"Drama",5.2
26889,1914,61,12.8,47,"Drama",4.1
6912,1943,65,19.1,23,"Action",8
13305,1986,75,6.2,32,"Drama",4.3
29247,2002,119,10.6,69,"Action",2.4
13041,1969,100,14.3,79,"Action",3.6
25826,1936,60,11.7,47,"Action",3.8
27084,1957,86,9.2,38,"Comedy",2.9
17357,1952,78,11.5,7,"Drama",3.9
30553,1987,101,13.8,779,"Action",3.7
31134,2003,45,15.3,5,"Drama",9
44895,1994,83,7.6,11,"Action",4.7
22233,1993,114,12.8,29,"Drama",2.5
49100,1937,69,12,13,"Comedy",8
23094,1997,85,12.3,10,"Action",5.5
56584,2003,105,9.2,3533,"Comedy",5.2
43735,1946,7,16.8,6,"Animation",8.5
26247,1966,86,10.3,19,"Comedy",7.9
48199,1996,104,13.3,267,"Drama",4.2
52920,1952,79,9.6,7,"Comedy",8.6
9663,1997,96,11.2,2102,"Drama",4.8
23750,1945,78,9.8,207,"Comedy",8.3
3611,1960,NA,8,82,"Drama",4.7
32489,1991,115,13.5,1040,"Comedy",3.8
33281,1935,79,11,18,"Drama",5.8
35892,1998,139,11.1,19100,"Action",4.7
33956,2000,9,9.6,7,"Drama",7.7
5392,2003,100,13.1,188,"Action",6.3
36312,1948,81,8.5,129,"Drama",4
54908,1989,110,10.6,40,"Comedy",7.7
46135,1942,55,14.7,6,"Action",4.8
3794,1971,99,11.6,18,"Comedy",3.6
23346,1966,17,12.6,52,"Short",7.7
19683,1987,85,9.8,1087,"Action",4.3
48306,1955,6,8.8,26,"Animation",7.9
17213,1963,6,14.9,21,"Animation",8.2
51851,1951,16,9.8,43,"Comedy",8
19416,2002,5,14.2,13,"Comedy",7.8
53598,1969,90,17,8,"Drama",4.7
37478,2003,88,15.7,5,"Comedy",7.9
50294,1965,70,11.7,7,"Drama",4.8
41357,1939,NA,7.3,602,"Drama",4.6
51859,1936,9,13.1,25,"Animation",7.8
8067,1949,7,11.5,16,"Animation",8.4
18559,1982,77,8.1,110,"Action",4
41543,1980,90,13.2,6,"Drama",3.5
54139,1977,107,11,84,"Drama",4.4
38814,1988,90,13.9,17,"Action",4
5270,2002,98,12.6,2697,"Drama",2.1
33670,1950,106,12.7,10,"Comedy",8.5
23012,1956,111,14.9,1612,"Comedy",5.5
47863,1963,88,13.1,239,"Comedy",5.9
11519,1997,100,14.8,20,"Action",3.2
48190,2004,85,10.1,134,"Action",5.9
889,1972,102,16.6,325,"Drama",5.3
5136,1941,93,8.7,11,"Comedy",4.1
31323,1952,78,7.1,72,"Comedy",4.7
28525,1999,13,15.5,18,"Short",7.8
9081,1996,95,8.3,81,"Documentary",3.8
36621,1970,96,15.2,82,"Drama",3.7
1366,1976,104,5.4,731,"Comedy",4.2
10206,1938,110,10.2,246,"Drama",3.3
48893,1987,3,15.1,522,"Short",8.4
16466,1962,107,15,111,"Drama",4.5
6656,1989,5,12.2,92,"Action",8.1
45432,1937,84,15.2,9,"Comedy",7.2
23795,2005,76,13.7,6,"Drama",4.8
44132,1999,90,12.1,5,"Action",3.3
33275,2000,13,10,8,"Animation",3.2
25996,1951,103,8.2,5,"Action",5
29988,1997,13,11.5,173,"Animation",5.2
15492,1973,78,16,12,"Action",7.9
35364,2003,88,13.8,8,"Documentary",7.9
46676,2001,NA,12.1,24,"Comedy",4.4
2595,1979,96,10.1,44,"Drama",2.9
29154,1950,79,13.9,12,"Action",4.8
23844,1951,60,14.8,7,"Action",3.6
4575,1965,117,11.7,2023,"Drama",5.5
24378,1999,101,10.4,61,"Romance",4.8
24060,1995,6,8.7,16,"Animation",3.6
23526,1952,85,10.3,30,"Drama",2.5
44652,1981,19,17.1,5,"Animation",6.5
30731,2000,97,13.8,3423,"Action",3.5
31915,1967,86,14.9,12,"Action",7.5
56353,1998,90,10.2,21,"Comedy",4.3
15348,1969,NA,13.2,11,"Drama",6.2
39662,2001,90,6.3,14,"Animation",3.3
48355,1957,16,6.8,34,"Comedy",8.5
23607,1990,20,16.2,10,"Short",7.7
42362,1977,90,22.1,28,"Action",8.2
831,1983,100,11.2,10,"Action",3
56923,1989,98,10.4,2283,"Comedy",8.2
36071,1937,100,8.7,32,"Comedy",6.1
22682,1968,75,11.3,8,"Drama",5.8
19627,1954,96,15,228,"Action",7.5
12498,1947,106,5.9,1506,"Action",4.9
46619,1936,113,9,370,"Drama",4.5
34643,1953,7,17.2,30,"Animation",7.7
49240,1992,87,6.6,5652,"Action",3.6
43448,1949,107,17.4,241,"Drama",4.4
31822,2003,86,12.5,31,"Comedy",8.4
55891,1952,61,8.2,7,"Action",3.1
42361,1956,109,14.8,250,"Drama",2.8
16756,1966,98,8.7,6,"Comedy",2.4
13510,2003,7,11.8,156,"Animation",3.7
26760,1998,NA,10.6,53,"Drama",2
33408,1933,8,14.5,16,"Animation",8.5
37274,1998,111,10.5,4027,"Comedy",3.9
19196,1988,103,12.2,111,"Drama",4.7
24739,1999,90,10.1,240,"Action",3.4
16683,1997,78,14.1,26,"Action",5.5
18572,1998,1,10.8,5,"Animation",4.6
46011,1994,87,11.8,37,"Documentary",8.5
7573,1952,80,14.4,8,"Action",4.8
27473,1999,88,14.5,20,"Action",3.7
23949,1995,90,8.4,65,"Action",4.3
57757,1963,79,15,668,"Action",3.2
49379,1940,113,12.6,224,"Drama",4.2
31552,2001,86,8.5,17,"Action",4.5
56096,1987,76,10.5,6,"Action",3.1
1004,1975,91,10.4,118,"Drama",4.4
316,2002,107,13.3,74,"Drama",3.8
50834,1979,87,10,46,"Drama",5.3
54472,2001,108,15,1084,"Action",2.9
23852,1983,90,6.8,5,"Action",5
45980,1999,90,16,17,"Action",7.5
47098,1980,71,14.5,81,"Comedy",8
21605,1957,92,15.8,10,"Drama",4.7
45064,1940,73,9.4,7,"Comedy",4.5
56466,1998,105,13.6,462,"Drama",3
23977,2000,93,9.2,6,"Drama",4.9
23283,1937,85,15.4,26,"Comedy",7.6
34711,2001,98,12.8,178,"Romance",4.2
39491,2001,95,12.5,150,"Action",4.4
48032,2004,98,17.5,399,"Comedy",8.1
54213,2003,100,9,1350,"Action",5
2493,1940,88,11.7,116,"Comedy",8.6
37646,1988,72,13.6,1489,"Animation",3.4
4730,1991,83,15.6,15,"Action",4.4
37823,1997,96,6,53,"Comedy",4.7
57643,1988,59,10.1,18,"Documentary",8.5
44007,1994,90,11.1,27,"Comedy",7.7
39167,1988,90,16,15,"Action",8.4
46277,1935,95,9.4,129,"Action",2.7
1724,1940,8,5,17,"Short",8.6
6501,2001,120,9.2,85,"Drama",4
9751,1989,75,11.1,40,"Animation",2.7
8916,1942,7,7.7,65,"Animation",8.1
31853,1971,125,11.6,130,"Drama",3.4
19609,1979,NA,17,193,"Comedy",7.4
47379,1983,87,16.8,24,"Action",8.2
10939,1975,103,8.4,95,"Drama",3.3
37540,1980,97,12.4,7,"Drama",3.4
46175,1968,113,10.1,287,"Action",3.6
41308,1984,86,13.7,50,"Action",7.8
41646,1965,105,16,106,"Drama",4.3
16962,1966,80,12.2,36,"Drama",2.8
39078,1960,120,17,81,"Action",7.6
1001,2003,85,10.3,7,"Action",3.1
6794,1997,97,9.6,458,"Comedy",5.8
52769,1953,84,11.3,37,"Drama",3.5
56165,2000,97,12.2,5774,"Action",5
43682,1991,77,16.4,400,"Animation",2.6
37910,1999,121,17.9,271,"Action",6
47885,2001,96,9.7,41,"Comedy",6.2
49835,1958,85,15.6,7,"Comedy",7.7
44215,1980,96,10.5,130,"Action",4.9
17633,1967,6,10.5,20,"Animation",8.2
33714,1998,95,15.2,338,"Action",8
14585,1963,109,11.3,1062,"Action",4.3
33563,1972,97,19.4,125,"Action",7.8
57277,1952,98,11.9,122,"Drama",3.2
10777,1984,106,9,300,"Comedy",2.8
42353,1931,64,14.7,44,"Romance",5.9
22265,1921,19,11.4,136,"Comedy",8.8
24127,1965,118,7,662,"Comedy",5
34632,1980,102,16.4,211,"Action",8.9
30508,1951,86,9.9,19,"Drama",2.9
54981,2004,192,6.9,446,"Drama",5.3
5009,1960,72,14.3,369,"Comedy",7.6
15099,1940,269,17.5,29,"Action",7.4
39205,1999,93,9.9,43,"Drama",2.4
54959,1957,95,5,27,"Comedy",4
36723,1958,96,9.8,8,"Drama",4.8
12157,1961,6,9.9,38,"Animation",7.7
18874,2000,8,11.9,9,"Animation",3.2
24819,1946,78,12,13,"Action",7.1
5753,1993,18,9.5,5,"Short",8.2
45959,2001,93,6.6,6,"Action",4
45982,1999,79,18.9,52,"Drama",5.2
54816,2000,90,12,15,"Documentary",7.2
28306,1988,133,9.2,33,"Action",3.9
1100,1998,99,12.3,579,"Comedy",3.9
6111,1984,95,15.8,16,"Drama",3.8
47668,2002,99,10.4,2379,"Comedy",7.6
45518,1931,66,17.1,10,"Drama",4
28377,2005,86,13.8,9,"Comedy",3.4
28359,1999,19,13.2,29,"Comedy",7.9
17933,1992,36,7.9,76,"Documentary",8.1
13634,1961,126,10.2,226,"Drama",2.9
34260,1969,109,7.7,32,"Action",4.6
14948,1989,113,11.9,2216,"Comedy",7.9
21337,1985,7,12.4,45,"Animation",7.7
4498,1945,NA,16.6,28,"Animation",7.5
22643,2004,132,9.7,15565,"Action",3.9
3792,1948,108,17.9,78,"Drama",6.2
41133,2002,116,17.4,8,"Documentary",8.7
45998,1990,75,11.5,47,"Action",3.2
52372,1980,90,14.4,54,"Action",4.8
33465,1988,126,10.3,9196,"Action",7.7
40113,1968,6,11.1,7,"Animation",3.7
44020,2000,29,7.7,9,"Action",3
45306,1941,7,10.3,40,"Animation",7.3
49421,1983,89,14.6,2873,"Comedy",8.3
30523,1954,106,12.5,53,"Action",5.1
28476,1976,NA,12.2,5,"Documentary",8
45144,2001,15,13.9,27,"Drama",7.7
46470,1994,90,13.7,43,"Comedy",5.2
45698,2000,118,17,11,"Comedy",8
28735,1958,95,9.1,29,"Drama",4.1
10229,1985,86,17.7,209,"Action",2.4
13250,1991,88,14.6,242,"Action",3.8
26599,1955,90,10.4,19,"Drama",3.6
1537,2000,50,10.5,6,"Documentary",7.7
259,2003,96,9.7,86,"Comedy",3.6
2986,2003,93,9.5,32,"Drama",2.8
24654,2004,32,11.5,5,"Short",8.2
56629,2003,25,10.9,46,"Short",7.8
33605,1990,115,14.2,14575,"Drama",3.8
504,1999,11,13,30,"Comedy",8
1401,1993,91,14.9,1047,"Comedy",7.9
24069,1931,14,15.4,8,"Short",7.6
37002,1984,82,11.9,90,"Comedy",7.7
7698,1922,7,15.3,6,"Animation",7.3
12143,1943,7,12.5,76,"Animation",7.6
50647,1994,107,12.6,20,"Drama",4.8
28930,1975,116,6.5,5,"Drama",4
674,1952,95,15.8,33,"Action",3
15511,1967,17,18.1,6,"Short",8.4
17021,1979,104,7.3,12,"Drama",4.8
17195,1977,97,18,31,"Action",8.4
11432,2003,60,8.4,85,"Romance",4.6
29623,1995,89,15,6,"Action",8.2
54489,2002,108,11.7,260,"Action",3
45702,1995,100,16,44,"Comedy",8.3
3638,1994,6,14.3,10,"Animation",8
18280,1943,7,9.8,12,"Animation",8.2
34989,1996,99,14.2,2004,"Action",8
53299,1950,91,11.5,56,"Drama",3.8
56126,1960,132,14.6,455,"Drama",4.4
28303,1998,90,17.3,16,"Documentary",7.7
3080,1976,104,12.7,908,"Comedy",3
40417,1971,NA,12.2,332,"Comedy",4.8
31681,1991,84,16.6,177,"Comedy",4.8
49810,1987,93,13.3,8,"Action",4.8
35876,1971,54,8.9,70,"Action",6.5
30139,1997,91,8,17,"Comedy",3.6
18311,1940,81,14.7,58,"Drama",3.3
52473,1963,82,8.2,8,"Action",3.8
48318,1998,95,8.4,298,"Drama",4.8
16600,1996,134,11.8,8371,"Drama",3.5
51170,1955,111,12.5,280,"Comedy",7.9
51929,1939,18,11.5,72,"Comedy",7.9
29700,1986,90,13.1,9,"Comedy",3.8
25394,1990,110,14.1,23,"Documentary",7.4
36240,1976,121,12.4,291,"Comedy",8.9
10869,2002,155,9.7,406,"Action",5.4
26177,1949,91,6.2,6,"Drama",2.7
30070,1982,118,9.4,1037,"Action",4.5
10094,1961,92,9.1,42,"Documentary",8.2
33677,2003,61,12.5,34,"Drama",4.7
37149,1951,110,13.4,6,"Drama",4.2
28675,1943,62,11.7,13,"Comedy",8.4
16764,1967,96,7.4,191,"Action",4.2
41796,1951,7,13.2,83,"Animation",7.3
58455,1976,86,11,23,"Action",3
28438,1975,6,17.3,13,"Animation",7.5
51879,2005,119,6.7,61,"Comedy",4.9
10131,2004,95,18.8,2755,"Comedy",7.6
34124,1950,10,16.2,11,"Documentary",7.4
29609,1958,79,11.2,21,"Action",3.5
50216,1999,80,9.5,5,"Comedy",3.4
24306,1950,69,12.5,50,"Action",5.2
38653,1984,141,12.9,20,"Drama",4.8
16095,1998,122,13.2,416,"Drama",4.6
4365,1999,110,12.3,28,"Drama",3.6
11616,1938,85,18.3,110,"Drama",4.2
1473,1998,2,12.1,23,"Animation",7.9
1349,1976,101,16.8,1601,"Drama",2.5
13248,1996,85,12.8,134,"Drama",3
52339,2002,82,11.7,26,"Documentary",7.9
41197,1983,98,13.1,17,"Comedy",7.8
52579,1951,82,12.9,29,"Action",3.7
23286,1986,95,10.2,6,"Drama",3.6
1451,1995,160,13,106,"Action",4.6
43758,1966,100,7.8,890,"Comedy",4.2
28582,2000,100,6.4,32,"Action",3.5
16801,1998,91,10.5,86,"Drama",2.3
11738,1983,127,7.7,330,"Drama",3.7
54241,1930,82,12.7,5,"Comedy",3.7
32577,1946,73,10.4,15,"Drama",4.1
29973,1956,98,12.3,11,"Comedy",7.8
23232,1981,97,17,5640,"Comedy",8.4
34175,1997,53,16.7,27,"Animation",4.4
20611,1995,103,14.9,339,"Action",8
41120,2003,8,13.3,5,"Short",8.3
17753,2002,90,11.6,7,"Documentary",8.8
55887,1958,6,10.8,13,"Animation",8.7
1016,1975,105,13.3,25,"Drama",3
41277,2001,114,12.7,6892,"Comedy",7.6
54328,1994,33,17.4,13,"Short",8.6
17477,1994,94,12.6,45,"Drama",2.8
48357,2002,47,10.3,272,"Documentary",8
28543,2000,115,13.2,107,"Action",4
24816,2001,91,13.7,62,"Documentary",7.8
51540,1989,104,9.6,137,"Comedy",4.7
10838,1991,118,12.3,6058,"Comedy",5
846,2001,35,9.3,159,"Comedy",8.4
31533,1964,64,15.4,113,"Action",8.1
11838,1948,95,15.2,88,"Drama",3.6
37128,1984,96,12.4,5,"Documentary",8.2
30157,1991,30,16.4,6,"Animation",7.6
37748,1976,100,11.1,34,"Comedy",7.6
48437,1976,99,9.2,26,"Comedy",5.4
15692,1983,30,14.3,6,"Documentary",8.1
469,1969,81,13.2,18,"Action",3
57282,1999,104,14.1,2495,"Drama",3.3
15895,1987,90,13.1,6,"Action",3.8
6818,1952,NA,12.1,59,"Comedy",8.2
14579,2001,133,4.4,51961,"Drama",4.2
40712,1998,10,9.5,19,"Comedy",7.7
55316,1998,66,11.6,61,"Comedy",4.2
34499,1971,NA,13.8,1966,"Drama",5.2
36725,2001,101,6.8,134,"Drama",3.9
23972,1994,100,13.5,282,"Comedy",7.8
38912,1993,88,13.9,17,"Action",3.5
4062,2000,84,11,329,"Drama",4.7
40509,1949,7,9.7,15,"Animation",8.5
12376,1930,58,10.8,9,"Drama",4.1
4132,2000,119,15.9,1884,"Action",7.5
50816,1995,122,11.1,12,"Drama",3.2
3585,1999,89,9,109,"Comedy",3.4
6596,1976,89,14.6,107,"Drama",3.7
54344,1896,1,10.5,6,"Comedy",8.1
42850,1985,121,10.2,2068,"Action",9.1
12958,1982,100,14.7,8,"Drama",4.9
32796,1969,NA,12.8,14,"Comedy",2.9
26336,1982,87,7.3,173,"Comedy",3.9
8659,2003,3,15.1,17,"Short",7.9
48287,1999,81,11.9,33188,"Animation",3.3
52498,1959,76,8.7,21,"Action",3.6
27108,1952,104,14.8,58,"Drama",4.1
6908,1938,60,16.3,13,"Action",8.3
49897,1980,125,10.1,56,"Comedy",3.5
2237,1955,104,8.4,108,"Drama",3.3
53889,1958,93,9.4,35,"Drama",3
43957,1949,100,11.6,35,"Drama",4.2
835,1985,121,18.5,11,"Action",7.9
33610,1944,7,14.3,41,"Animation",8.5
37809,1992,95,11.9,590,"Comedy",8.2
11261,1967,91,8.9,40,"Action",4.8
58520,1988,85,11.5,12,"Action",4.2
19839,1970,105,13.3,598,"Drama",3.5
4304,1948,7,12,7,"Animation",8.1
36663,1986,106,14.8,980,"Action",7.9
47722,1941,17,17.7,48,"Comedy",7.1
38181,1993,103,10.4,72,"Drama",4.4
56633,2002,93,15.8,13,"Comedy",8
19412,1933,102,16.4,145,"Drama",3.2
49979,1991,95,11.5,999,"Comedy",7.6
39679,1935,145,11,466,"Drama",4.7
14318,2003,75,13.6,12,"Comedy",7.8
22105,1997,92,9.7,58,"Action",3.2
39601,1988,93,22.1,31,"Action",8.4
12615,1965,7,9.7,34,"Short",7.4
616,1972,NA,13.2,137,"Action",4.4
9317,2000,107,13,19,"Drama",4.7
20486,1965,6,12.8,18,"Animation",8
41494,2000,135,10.6,9592,"Action",3.4
36372,1991,90,18.4,19,"Action",7.7
25506,1991,91,13.4,105,"Action",5
55496,1941,110,10.9,14,"Drama",6
47847,1999,101,7.1,1024,"Drama",3.8
6848,2002,91,9.1,17,"Comedy",4
39956,1933,76,13.7,6,"Action",4.4
14192,1989,120,16.5,9324,"Comedy",7.7
53597,1989,7,13.5,235,"Animation",8.6
12804,2004,80,11.1,28,"Action",7.9
21637,1976,96,16.6,226,"Comedy",7.6
4576,1969,96,10.5,70,"Action",3.6
34316,1952,82,7.2,31,"Action",4.5
16310,1983,100,13.1,9,"Action",3.1
31213,1977,80,16.3,26,"Drama",3.9
50754,2001,95,11.9,20,"Comedy",4.8
26153,1960,64,13.8,6,"Drama",3.5
3934,1957,92,15.4,69,"Drama",4.3
51444,2001,35,10.9,24,"Action",8.8
4032,1931,76,12.2,23,"Drama",4
28967,1999,101,15.2,52,"Drama",5.5
21960,1997,75,9.9,106,"Comedy",7.7
39091,2003,5,13.3,49,"Animation",8.5
13762,1971,120,9.9,8738,"Action",4
1169,2002,60,12.6,13,"Documentary",8
37249,1937,71,9.5,19,"Action",4.8
6163,1932,80,10.5,82,"Comedy",4.5
13818,2000,10,17.6,5,"Comedy",8.1
31117,1998,85,7.9,135,"Documentary",5.1
10108,1962,85,9.1,16,"Drama",5.2
6801,1987,82,10.4,29,"Action",4.4
14236,1940,89,6.1,39,"Comedy",3.5
21409,1945,7,7.7,32,"Animation",7.9
16886,1995,110,7.4,6,"Action",3.5
57534,1949,84,8.6,84,"Drama",2.6
50210,1946,69,14.5,17,"Action",3.9
30483,1962,27,9.4,26,"Short",6.9
45197,2003,112,11.9,43,"Drama",5.9
48610,1992,90,9.1,1120,"Action",4.3
19871,1955,99,15.6,53,"Comedy",8.5
36339,1981,88,12.7,96,"Action",4.7
31394,1925,66,8.8,23,"Action",3.8
54571,1944,76,15.7,24,"Comedy",8.9
3677,2001,106,14.5,2723,"Animation",3.4
31678,1937,85,11.5,36,"Drama",3.5
48342,2000,130,14.4,11887,"Drama",3.1
20817,1940,7,6.2,30,"Animation",8.1
5284,2003,NA,10.8,10,"Drama",3.4
30080,1999,100,12.8,172,"Action",3.6
43423,2001,114,14.5,593,"Action",3.6
33024,1978,90,9.2,44,"Drama",5
44687,1999,13,11.2,5,"Animation",2.8
52845,1974,90,9.1,459,"Action",5.2
11803,1992,115,12.6,152,"Drama",4.8
26877,1935,8,11.8,10,"Animation",7.8
13363,2000,90,11.8,12,"Drama",5.3
26064,1934,9,15.2,31,"Animation",7.9
53655,1994,90,12.4,8,"Action",5.5
45426,1939,85,12.6,27,"Comedy",7.7
23270,1942,70,14,24,"Drama",6.3
48457,2004,98,12.1,26,"Drama",3.8
16468,1976,83,12.9,46,"Action",4.2
32051,1971,104,11.3,203,"Action",3.7
51258,1999,100,10.5,36,"Drama",5
51332,1983,97,9.5,118,"Action",3.9
46226,1995,104,8.5,50,"Drama",4.1
2672,1958,87,12.7,35,"Action",4.2
17047,1999,86,8.8,56,"Action",5.5
20821,1962,6,11.1,23,"Animation",8.1
14479,1999,95,9,134,"Comedy",4
21538,1995,88,15.7,88,"Animation",4
47626,1997,91,12.1,7,"Drama",4.4
57901,1947,71,12.3,10,"Action",4.3
44521,1996,8,14.3,46,"Animation",8.4
58027,2004,96,7.9,90,"Drama",3.9
42621,1949,82,10.9,10,"Action",3.7
38286,1998,78,9.1,10,"Comedy",3
56379,2000,113,9.5,1742,"Action",4.4
5044,1942,78,13.5,13,"Action",4.2
23850,1973,54,9.9,6,"Documentary",7.7
39619,1949,89,10,22,"Comedy",7.8
44996,1982,81,12.3,12,"Comedy",8.2
2589,1972,82,16.9,32,"Action",8
28667,1973,75,11.8,33,"Documentary",7.4
34994,2004,100,13.6,22,"Documentary",8.5
13178,2001,120,16.2,8,"Drama",2.9
44582,1984,104,10.1,38,"Action",4.3
36398,1915,29,6.4,120,"Comedy",8.6
22814,2001,110,8.3,35,"Drama",3.9
14577,1975,74,13.2,6,"Drama",5
22212,2001,11,7.5,19,"Short",8.5
41943,2000,91,10.2,10,"Documentary",8.4
50546,2000,105,15.3,10,"Drama",3.1
40554,2003,95,13.7,134,"Comedy",5.1
48274,1987,93,12.6,193,"Drama",6
35024,1958,81,16.3,69,"Drama",2.7
58690,2001,89,11,18277,"Comedy",8.5
26433,1975,112,10.5,32,"Drama",3.4
32617,1949,78,10.8,7,"Action",4.1
26012,1966,NA,9.5,18,"Drama",3.8
6867,1992,118,14.8,3530,"Comedy",3.9
40336,1994,86,10.5,47,"Action",4.1
43572,2001,105,9.8,12,"Drama",4.2
2654,1963,90,13.4,5,"Documentary",8.3
31146,1955,88,18.5,25,"Action",7.7
15921,1998,10,10.5,50,"Short",8
20885,1934,10,11.3,9,"Comedy",8.1
14650,1962,100,10.2,5,"Action",4.2
6787,1995,80,9.9,6,"Documentary",8.1
33951,1979,84,14.5,30,"Action",2.2
46239,2002,155,10,22,"Comedy",2.9
48862,1972,108,18.1,36,"Action",8.8
11821,1958,96,6.1,127,"Action",5
14606,1991,91,13,26,"Action",4.1
40635,2003,NA,7,7,"Comedy",3.8
26707,1992,103,12.5,204,"Action",3.9
28871,2004,123,11.2,354,"Drama",2.6
58161,1999,103,14.3,25,"Drama",3.4
15785,2002,46,15.9,8,"Documentary",7.3
9088,1987,113,15.7,19,"Drama",2.7
25373,2001,100,15,6,"Documentary",8.2
40539,2002,98,11.4,11,"Drama",5
20186,1953,90,8.8,85,"Drama",4
9708,2001,3,9.1,37,"Drama",8.4
23659,1999,13,16,11,"Documentary",8
6147,2002,13,9.7,6,"Comedy",8.3
56683,1952,78,13.8,21,"Comedy",8.7
17022,1972,93,14.5,17,"Drama",4.7
55834,1979,NA,13.5,7,"Drama",4.6
29632,1989,118,10.5,14997,"Action",7.5
23201,1975,97,14.5,592,"Drama",3.6
56176,1978,103,10.3,150,"Animation",3.5
31543,1993,113,13.7,22,"Drama",3.2
27332,1943,79,12.2,26,"Action",4.3
3052,1999,142,13.7,44,"Action",4.6
57938,1998,79,11.3,75,"Documentary",7.8
27073,1996,99,18.1,36,"Comedy",7.3
1907,1998,15,9.2,39,"Short",7.5
34402,1997,NA,8.3,10,"Drama",3.7
11754,1995,111,14.5,2269,"Drama",3
7558,1959,6,9.3,69,"Animation",7.2
27973,1981,91,14.2,21,"Action",4.6
11994,2003,15,11.5,7,"Comedy",7.8
36712,2001,102,12.9,793,"Comedy",4
14936,1935,8,5.8,38,"Documentary",8.8
57382,1969,97,6.9,18,"Action",4.7
58256,1940,86,12.6,138,"Drama",4.2
26561,1975,85,12,31,"Drama",5.2
53409,1953,110,10.9,201,"Comedy",5.1
18521,1996,88,12.2,59,"Action",7.8
56199,1967,95,17.3,161,"Comedy",8.8
40260,1942,91,12.8,157,"Drama",5
50096,1984,100,14.4,61,"Action",4.3
43919,1948,80,12.5,7916,"Action",4.4
28252,1993,100,17,7,"Drama",5.2
50658,1988,72,9.4,206,"Action",5.1
5581,1944,74,18.5,75,"Comedy",8
44355,1936,76,14.4,1452,"Drama",4
5426,1986,90,13.7,18,"Comedy",7.8
42753,1995,94,12.7,16,"Action",4.1
54622,2002,90,9,23,"Action",3.5
10455,1989,81,10.5,308,"Action",4.8
56088,1996,90,10.5,59,"Action",3.8
4142,1991,87,14.9,85,"Drama",3.4
54665,1995,106,17.3,103854,"Action",7.4
58133,1961,73,16.9,9,"Drama",4.6
6569,2005,NA,9.8,45,"Drama",5.1
33373,1926,168,11,10,"Action",4.7
6488,1991,97,14.5,160,"Action",3.5
40825,1953,65,12.7,17,"Action",6
8898,1951,6,12.3,25,"Animation",8.1
27547,2004,81,14,7,"Drama",3.9
53850,1946,112,13.1,63,"Comedy",8.4
45744,2003,94,11.9,217,"Drama",2.9
21467,1982,105,14.8,11,"Documentary",8.4
28290,2002,3,10.5,10,"Short",7.3
58070,2004,76,16.4,151,"Drama",4.2
26550,1996,85,10.1,16,"Action",3
38450,1993,90,11.8,33,"Action",3.2
19318,1916,45,8.2,9,"Drama",3.6
53517,1990,134,17.1,9,"Drama",2.5
55114,1963,84,9.4,77,"Action",5
4269,1940,85,12,11,"Comedy",8.4
13400,2001,42,15.5,7,"Documentary",8.2
58588,1995,78,14.8,28,"Action",4.7
8720,1995,91,11.9,75,"Documentary",8.2
47182,1997,107,8.3,642,"Comedy",2.2
7563,1995,106,13,122,"Action",5.1
13003,1988,68,12.2,14,"Action",5.6
50013,1954,77,12.3,11,"Action",2.3
11901,1963,82,12.9,80,"Comedy",7.9
34601,2004,17,11.6,6,"Comedy",8.7
20393,1938,72,11.6,19,"Comedy",7.8
13912,1980,NA,7.8,53,"Drama",4.7
31321,1954,80,8.4,72,"Comedy",2.8
55206,1972,101,9.4,132,"Comedy",4.5
49781,1994,123,9,444,"Drama",1.3
41772,1950,7,9.7,28,"Animation",7.6
10010,1997,38,15.3,14,"Short",8.5
40641,1975,NA,14.6,18,"Drama",4.9
38308,1944,105,13.4,7,"Drama",4.9
43049,1965,71,10.7,23,"Action",4.6
7500,1970,54,9.5,17,"Documentary",8.7
42392,1985,10,12.3,5,"Short",7.3
29916,1960,7,12,41,"Animation",7.4
12777,1986,87,8.9,58,"Documentary",7.7
40437,1965,88,13.6,7,"Drama",4.2
36902,1980,99,10.6,577,"Action",3.4
2728,1977,93,8,21462,"Comedy",3.4
12914,1995,98,11.5,173,"Drama",3.1
40134,1968,6,10,12,"Animation",3.1
17794,1957,20,10.5,19,"Short",8.7
19150,2000,6,13.6,18,"Animation",8.2
47241,2001,13,9.8,30,"Short",7.5
31877,1973,210,13,466,"Drama",3.7
13824,2002,28,9.4,15,"Short",7.9
23426,1984,103,16.6,91,"Comedy",7.7
46204,1986,97,10.1,836,"Drama",5
42929,1984,92,11.5,4954,"Action",7.6
27602,2004,102,7.9,15,"Drama",4.5
20287,1938,121,12.1,71,"Romance",3.3
25301,1971,104,9.4,101,"Action",5.1
52278,1936,62,11.1,7,"Comedy",4.2
40126,1987,93,9.3,6,"Action",4.1
49526,1984,93,12.2,1860,"Action",5.4
56129,1997,141,9.1,5,"Documentary",2.8
18050,1979,108,7.8,36,"Drama",2.6
33492,2003,89,9.4,9,"Comedy",3.7
42695,1999,91,9.5,52,"Action",4.4
39569,1979,140,16.5,124,"Drama",4.4
50572,2003,88,11.6,118,"Comedy",7.8
27520,2003,96,14.7,74,"Action",5.4
47276,1970,105,11.4,69,"Action",2.5
37411,1939,106,13.8,900,"Drama",4.2
47538,1948,93,13.9,7,"Drama",3.6
2368,1997,9,15.4,9,"Short",8.3
47369,1989,124,9.2,235,"Drama",3.7
13343,2005,86,14.3,6,"Documentary",8.4
58634,1978,NA,13.6,242,"Comedy",8.6
11860,1970,70,14,11,"Documentary",7.9
42617,1953,88,11.8,39,"Drama",3.6
10135,2002,40,13,5,"Comedy",8.3
32909,1995,105,5.8,39,"Drama",3.7
13970,1968,27,14.5,5,"Short",9
26614,1985,79,12.1,151,"Action",5.5
6330,1983,82,16.4,26,"Action",8.4
58215,1988,91,10,2065,"Comedy",8.1
18310,1987,93,18.2,998,"Drama",4.8
2183,1977,75,10.8,17,"Comedy",7.7
25529,1978,116,14.2,239,"Drama",5.1
54072,1953,108,13,70,"Drama",4.6
28643,1981,97,15.2,5,"Comedy",8.5
8161,1971,90,17.1,20,"Comedy",7.3
1990,1989,74,12.3,234,"Comedy",9
6137,1948,NA,13.1,7,"Action",2.8
14487,1962,86,9.8,34,"Action",5
30349,1960,105,15.3,12,"Action",3.7
36102,2001,15,12.2,5,"Short",8.1
41989,1964,87,16.5,45,"Action",7.8
19603,2002,106,12.9,597,"Comedy",3.7
38155,2002,82,9.8,8526,"Comedy",3.7
20834,1987,98,12.5,118,"Drama",3.7
50344,1937,92,10.7,41,"Drama",3.5
27192,1959,107,14.4,79,"Drama",4.1
53292,1969,110,11.7,27,"Drama",3.7
14290,1964,6,15.3,81,"Drama",7.9
1213,1999,100,9.5,446,"Drama",4.6
42264,1997,41,11.3,15,"Documentary",8.3
7255,1947,72,11.1,35,"Drama",5.3
20270,1982,88,9.6,6,"Comedy",3.2
24696,1953,87,9.8,27,"Drama",4.8
56496,1940,100,7.2,418,"Action",5.2
34533,1979,NA,10.4,565,"Comedy",3.2
7778,2003,22,17.8,16,"Drama",8.3
814,1938,88,15.7,12,"Drama",2.9
49218,1984,91,13.6,165,"Drama",3.6
58063,1987,105,10.1,1364,"Action",3.2
50660,1971,90,15.4,44,"Action",3.8
50940,1953,77,11.9,8,"Drama",3
51218,1963,149,8.6,13,"Comedy",3.2
18393,1971,108,14.4,459,"Comedy",8.3
17654,1992,101,14.2,74,"Action",7.9
374,1999,87,14.1,31,"Comedy",5.3
41882,1957,NA,15.6,14,"Action",3.1
31744,1944,82,11.6,24,"Comedy",8.2
7466,1953,68,7.1,33,"Drama",4.6
18004,1999,95,12.4,27,"Action",8
30120,1997,93,10.8,31,"Action",3.5
23062,1942,65,10,7,"Comedy",7.6
17602,1971,181,4.4,5893,"Drama",4.6
48574,1995,5,9.4,917,"Animation",8.9
12290,2002,133,13.5,1585,"Drama",6.6
46686,2001,24,10.7,12,"Short",8.2
55829,2000,7,11.4,6,"Short",7.9
1536,1906,3,11.8,43,"Short",7.8
21545,2000,94,5.2,6,"Drama",3.2
24048,1993,124,15.3,322,"Drama",4.5
45898,1955,103,16.1,35,"Action",8
11258,1948,96,14.5,24,"Drama",4.8
33621,1963,7,13.1,36,"Animation",7.7
8716,1984,152,14.4,252,"Drama",3.3
28602,1997,138,10.6,69600,"Drama",3.7
28883,1947,14,10,5,"Short",8.3
6378,1996,90,9.4,13,"Action",7.8
49130,1978,102,12.4,90,"Drama",4.9
28151,1940,7,14.8,15,"Animation",7.8
9230,2003,69,10.1,63,"Documentary",7.9
56192,1998,90,15.6,15539,"Comedy",7.7
14834,1947,7,11.2,59,"Animation",8.2
41511,1992,108,11.7,35,"Drama",4.6
39254,1985,85,14.3,8,"Action",2.8
40216,1960,102,17.3,11,"Action",7.6
25156,1993,138,9.4,12923,"Drama",4.5
35295,1997,90,10.7,9,"Action",3
49856,2000,28,7.9,20,"Short",8.7
58415,1983,103,7.5,242,"Drama",3.3
4931,1943,88,10.6,35,"Drama",3.8
8637,1962,83,9.4,7,"Action",3.4
3074,1991,115,10.6,203,"Action",2.6
51703,1996,92,13,2633,"Action",4.4
34320,1930,90,13.9,83,"Comedy",3.2
32642,1985,94,12.5,26,"Action",4.2
765,1998,NA,10.9,45,"Drama",4.9
29698,2000,90,13.9,959,"Drama",3.1
44160,1995,106,15.3,9,"Action",3.9
19857,1942,74,11,8,"Drama",4.1
54476,1939,11,14.3,5,"Documentary",7.4
45221,1997,92,11,90,"Action",5.2
54499,1948,79,13.7,13,"Action",4.2
31393,2004,121,13.6,449,"Drama",3.9
57848,2003,90,13.4,16,"Animation",4.3
7704,1938,125,7.9,80,"Drama",3.4
36349,1993,98,11.4,234,"Action",3.5
13663,1961,72,7.5,16,"Action",4.7
37550,1956,73,7.7,8,"Action",4
50154,1990,109,7.7,6,"Drama",4.8
30924,1970,99,10.9,2844,"Drama",3.4
11589,2002,179,12.2,211,"Drama",2.9
45969,1999,114,9.3,37,"Comedy",3.8
49029,1971,87,9.8,15,"Comedy",7.4
2931,1997,134,6.9,4231,"Drama",4.6
4468,1957,105,9.7,71,"Drama",2.4
55797,1983,110,10.3,16,"Comedy",3.4
18045,1939,75,12.6,143,"Drama",5.5
20792,1979,70,8.8,9,"Action",5
13506,1997,90,9.5,11,"Action",5.4
6481,1996,12,14.6,53,"Short",8.1
48776,1924,80,13,8,"Action",0.8
32324,1993,108,12.6,11,"Action",4.8
49869,1978,70,9.9,6,"Action",3.2
26903,1985,102,7.6,6,"Action",3.4
43792,1971,100,14.8,12,"Comedy",8
32217,1995,89,10.2,285,"Comedy",3.7
4398,2002,7,10.8,9,"Short",8.1
7296,2000,110,13.4,1172,"Drama",4.4
32716,1990,95,15.3,37,"Comedy",7.8
30373,1991,3,11.7,76,"Comedy",7.9
48319,2001,80,8.5,51,"Comedy",3
13545,1985,90,12.9,15,"Action",2.8
33535,1975,85,5.4,19,"Action",4.5
26198,1954,125,12.9,16,"Drama",2.5
37903,1985,88,9.8,295,"Action",4.1
10085,1968,100,11.6,10,"Comedy",8
11346,2000,92,18.5,19,"Drama",3.3
34848,2004,102,14.3,20,"Drama",2.6
13338,2002,30,13.6,194,"Comedy",7.8
22924,1948,7,15.8,21,"Animation",8.2
20950,1953,10,16.4,5,"Drama",7.5
41561,2000,NA,10.8,43,"Drama",3.7
36049,2003,83,12.8,91,"Drama",3.9
50733,1976,115,8.8,5,"Drama",3.8
46732,1950,83,12,125,"Drama",4.6
3632,1994,87,10.1,5,"Drama",2.9
54780,1990,88,12.7,19,"Drama",4
18216,1973,NA,6.1,79,"Comedy",6.1
56953,1938,7,7.5,14,"Animation",8.8
39896,2002,102,10.2,654,"Action",3.4
25644,1968,103,17.4,7,"Action",9.2
35113,1980,17,10.4,17,"Short",7.7
37460,1949,7,9.4,30,"Animation",8.3
19435,2004,100,13.7,21,"Action",8.4
26510,2003,5,8.3,8,"Animation",7
4312,1973,96,17.5,1010,"Drama",3.8
17635,1979,110,13,15,"Comedy",8.6
13436,1995,93,11.3,15,"Drama",2.9
10988,2004,104,14.9,751,"Drama",2.9
20521,1976,91,16.9,333,"Action",7.6
42480,1956,7,9.1,18,"Animation",8
53276,1953,16,16.4,36,"Comedy",8.5
55169,1973,30,5.4,20,"Animation",4
51492,1985,102,19,377,"Drama",3.5
20449,2002,92,14.8,54,"Action",4.3
33561,1967,170,8,12,"Romance",3.9
38180,1986,95,10,32,"Action",3.2
36857,1944,85,12.5,17,"Drama",3.2
23870,1968,87,11.9,12,"Action",3.7
26420,1999,107,14.2,2291,"Drama",4.9
14061,1938,100,11.1,67,"Action",3.6
39779,2001,13,8.3,19,"Short",8.5
12303,1933,92,11.9,170,"Comedy",3.9
8574,1936,75,10.4,133,"Comedy",7.8
53446,1999,3,11.7,32,"Short",7.8
33934,2003,90,11.5,15,"Drama",4.2
58417,1999,96,10.7,27,"Comedy",3.8
14414,1994,38,10.3,7,"Documentary",7
38179,2000,85,8.7,2492,"Comedy",3
41742,2003,81,14.5,8,"Action",8
15281,1994,98,12.5,41,"Action",4.1
56855,1990,90,14.8,74,"Drama",4.1
27321,1986,108,9.1,43,"Drama",3
41622,1997,200,17.3,22,"Documentary",8.1
17023,2001,91,12.1,185,"Drama",2.6
15272,1999,87,16.3,65,"Action",7.8
39773,2003,95,12.2,184,"Drama",2.8
21011,1958,29,6.9,42,"Documentary",7.9
4853,2003,98,19.6,9,"Comedy",7.8
35774,2002,102,7.2,50,"Drama",4.3
57779,1975,123,13.7,101,"Action",3.4
38770,1948,91,11,478,"Comedy",7.7
39489,1974,98,8.6,13,"Action",2.9
52739,1933,71,9.4,53,"Drama",4
36239,1926,37,6.2,8,"Comedy",8.4
13656,1957,83,9.6,5,"Action",3
48623,1998,91,6.4,6,"Comedy",3.5
36139,1934,10,10.7,9,"Documentary",7.1
45531,1999,95,15.3,15,"Action",2.8
34415,1973,100,9,22,"Comedy",4
47952,1969,90,12.6,26,"Comedy",8.1
4663,1965,98,7.9,343,"Comedy",3.2
56799,1943,87,13.6,61,"Comedy",8.8
37474,1967,86,15.7,56,"Comedy",7.9
47017,1983,117,14,19,"Comedy",8.1
18148,1952,83,13.1,37,"Drama",4.5
39640,1985,90,11.6,65,"Comedy",7.4
6017,1956,82,10.9,72,"Action",4.3
53762,2003,89,12.7,13,"Comedy",7.5
54218,1948,70,9.3,28,"Action",3.7
5472,1990,92,12,31,"Action",2.6
42857,1984,125,13.1,10,"Action",2.5
4354,1994,93,6.3,215,"Drama",4.4
55016,1986,89,9.8,37,"Action",4.1
27897,1990,103,11.5,2566,"Action",3.3
38557,1930,83,12.5,64,"Drama",5.2
28021,2003,100,12.7,90,"Drama",4.3
25008,2002,45,13.4,56,"Documentary",8.7
52526,1933,47,15.9,30,"Drama",3.8
20448,1964,84,13.3,53,"Comedy",7.3
48276,1930,96,15.1,174,"Action",2.7
4826,2002,12,10.3,12,"Comedy",8.1
22083,1971,86,14.8,26,"Action",2.2
6544,1933,20,8.6,13,"Comedy",8.1
37712,1991,118,11.2,619,"Animation",3.8
10919,1981,72,13,6,"Action",2.9
50174,1990,79,15,11,"Action",4.3
39741,1963,74,6.1,5,"Action",3.6
40949,1998,100,12.2,155,"Comedy",8.1
12763,1994,NA,15.2,39,"Action",8.4
39888,1993,105,12.1,13,"Drama",4.1
45580,1974,76,11.6,10,"Action",3.3
57951,1965,6,9.8,19,"Animation",7.7
25465,2003,80,10,11,"Action",4.5
41519,1991,124,8.6,1728,"Drama",3.9
21295,1957,76,9.5,14,"Drama",3.1
9502,1946,86,8.9,53,"Action",4.5
41266,1982,90,8.8,11,"Documentary",4
20898,1942,79,5.3,42,"Comedy",4.6
35428,1916,20,11.6,62,"Comedy",8.8
21678,2001,104,5.7,10,"Comedy",3.2
18154,1999,108,12.4,10,"Animation",5.5
24938,2004,112,12.9,411,"Comedy",4.1
54776,1965,95,15.7,98,"Drama",4.1
50531,2003,15,12.5,8,"Drama",7.5
53529,1935,74,6,15,"Drama",3.5
23005,1996,86,15,2336,"Comedy",8.5
5088,1972,94,8.8,307,"Action",3.6
34223,1973,20,15.1,5,"Documentary",7.6
52261,2001,94,11,27,"Drama",4
52106,2002,85,13.5,89,"Drama",5.6
18289,1935,70,9.7,13,"Action",6.5
39536,1935,67,13.6,7,"Comedy",8.1
28854,1974,88,8.9,299,"Drama",6.1
37185,1994,102,12.1,32,"Comedy",7.4
49368,1932,60,11.7,14,"Action",2.8
12452,1942,73,12.3,5,"Comedy",7.7
6061,1973,87,12.3,59,"Action",3.3
5926,1940,70,13.5,112,"Drama",4.1
9754,1954,102,10.7,124,"Drama",4.1
44433,1983,160,12.8,47,"Drama",4.1
35396,1946,56,11,6,"Drama",4
22397,1996,40,10.4,17,"Documentary",7.7
27671,1949,89,10.4,28,"Drama",3.6
21931,1980,97,10.8,274,"Action",2.7
20441,1942,9,12.8,5,"Documentary",8.5
36200,2003,4,11.3,49,"Animation",8.1
49917,1951,71,16.8,5,"Action",8.4
51670,1990,100,13.6,19,"Action",3.3
27371,1995,175,16.6,115,"Action",2.9
7325,1995,106,13.5,79,"Drama",5.5
37287,2004,12,8.5,14,"Animation",4
34084,2002,NA,10.4,30,"Action",3.4
15215,1986,107,9.1,152,"Drama",5.1
39665,1977,103,11.2,44,"Action",3.4
54717,2000,NA,13.7,42,"Comedy",4.1
16502,2001,78,7.9,12,"Drama",4.3
57474,1979,102,10.4,53,"Action",2.9
8795,1953,103,12.2,208,"Comedy",3.6
18556,1932,68,12.4,8,"Action",4
14052,1946,95,12.9,8,"Action",4.6
33354,1992,86,6.5,11,"Action",3.6
20357,1994,NA,8.8,17,"Drama",5.1
31417,1983,80,14.4,8,"Action",2.8
19984,1945,72,11.2,28,"Comedy",7.8
29746,2002,27,11.2,15,"Drama",8.9
25114,1941,4,11.2,8,"Comedy",8.2
21482,2005,106,11,1355,"Comedy",4.2
58490,1939,74,14,46,"Comedy",8.2
21015,1954,7,10.1,23,"Animation",7.7
57059,2002,97,10.3,69,"Drama",2.2
38509,1937,67,11.5,22,"Action",6.2
17982,1969,90,7.3,48,"Comedy",5
43144,1943,61,16.8,53,"Action",7.5
37225,1997,83,13,71,"Action",1.6
29759,1990,92,10.6,25,"Action",4.7
23010,1941,100,11.7,1640,"Drama",3.7
45430,1992,50,11.2,37,"Drama",5.2
33577,1974,115,2.6,41,"Drama",3
8623,1935,67,13.6,10,"Action",8.2
25322,2000,8,14.4,56,"Action",8.1
9004,1927,82,13.3,178,"Action",3.9
1943,2004,90,5.1,97,"Action",3.9
41246,1997,97,12.7,400,"Action",3.7
8609,1952,64,4.5,7,"Action",3.8
13394,2002,106,15.9,59,"Drama",3.4
24656,1992,60,14.7,144,"Documentary",7.5
32781,1987,20,11.5,9,"Short",7.3
14010,1985,70,15.2,8,"Action",4.6
51281,1972,78,11.2,48,"Comedy",7.7
33128,1970,94,8.8,5,"Comedy",3.4
36565,1984,88,10.2,24,"Action",5.8
46061,1937,54,15.4,28,"Comedy",7.9
24942,1981,91,18,13,"Documentary",7.9
48516,1945,63,12.8,5,"Action",5.1
42976,1992,112,18.7,25,"Action",8
19798,1982,99,13.2,372,"Comedy",8.2
32888,1950,102,10.5,15,"Drama",4.2
45240,2002,95,6.8,132,"Drama",3.1
15418,1997,78,10.5,70,"Documentary",7.6
49170,2004,90,10,115,"Action",6.7
13885,2002,185,8,53,"Drama",3.8
56146,1960,73,7.3,297,"Action",4.3
27405,2004,29,10.4,10,"Drama",8
16276,1998,90,12.8,62,"Action",4.5
34846,1999,7,9.7,22,"Animation",3.6
56148,2000,121,17.7,17,"Drama",3.7
21825,1963,82,12.5,24,"Comedy",8.4
22404,1987,37,12.1,6,"Documentary",7.9
42633,1932,83,4.1,461,"Drama",4.2
28347,2002,102,16.3,11,"Drama",4.2
4024,2004,59,9.4,5,"Documentary",8.1
18267,1972,90,12.7,10,"Drama",3.6
25564,1956,84,7.7,30,"Drama",2.7
32226,1978,92,12.9,8,"Comedy",7.9
38409,1966,92,10.4,42,"Comedy",7.7
15541,1991,89,7.8,72,"Drama",2.9
27172,1999,96,11.7,6,"Drama",5.1
47884,1967,98,11.3,9,"Documentary",7.8
16984,2000,92,10.9,70,"Action",4.3
55606,1984,87,5.6,14,"Comedy",4.6
10865,1988,120,14.4,137,"Comedy",4
4733,1999,13,9.7,14,"Short",7.6
14201,1964,NA,10,68,"Comedy",7.7
37868,1957,7,12.1,27,"Animation",7.6
13223,2001,94,13.3,201,"Comedy",8.1
55354,1940,102,14.2,100,"Drama",4.1
8764,2000,80,14.9,134,"Action",4.3
38336,1978,80,11.9,6,"Action",5
39941,1969,90,13.9,34,"Drama",4.6
41771,1966,6,11,15,"Animation",8.2
10830,1978,90,5.2,7,"Action",4
13911,1990,100,13.1,77,"Action",4.4
41148,1987,82,13,24,"Action",4.1
34138,1986,92,15.6,18,"Drama",3.9
16101,2002,115,10.3,4339,"Drama",5.1
35165,1962,178,11.8,1397,"Drama",3.7
32645,1990,97,10.9,104,"Comedy",7.7
39139,1987,83,12.4,12,"Comedy",8.2
38047,1966,4,15.3,5,"Animation",8.2
11141,1993,98,11.6,7593,"Comedy",7.4
57488,1949,105,8,17,"Comedy",3.3
21643,1935,88,14,13,"Comedy",8
37107,1999,NA,9.7,65,"Drama",4.2
19257,1999,16,15.8,17,"Short",8
23316,1945,8,13.5,51,"Animation",8.2
49104,1989,93,10.1,276,"Action",4.7
41454,1953,63,5,81,"Action",4.1
37139,2002,97,8.8,231,"Comedy",2.7
25659,1938,55,9.2,48,"Comedy",7.6
39606,1937,97,11.5,33,"Comedy",8.7
9643,2002,99,11.4,743,"Comedy",3.4
13723,1977,95,7.5,192,"Drama",3.8
35501,1979,105,17.5,75,"Comedy",8.7
36380,1932,58,14.6,17,"Drama",4.9
3476,1954,86,11.9,59,"Comedy",8
52818,1961,104,14,91,"Action",4
17264,1972,100,5.1,544,"Drama",5
26761,1970,NA,15.4,27,"Comedy",8.1
53587,1983,82,10.1,176,"Action",4.1
36711,1997,93,15.9,44,"Drama",3.7
42620,2003,95,10.5,7,"Comedy",4.8
45094,1996,25,13.1,14,"Documentary",8
48495,1980,120,15,690,"Drama",2
47966,1978,97,7.5,67,"Comedy",4.1
5543,1992,96,12.9,269,"Comedy",8.4
13809,1945,61,11.2,118,"Action",3.6
22840,1933,71,12.7,64,"Drama",4
40618,1988,90,12.1,5066,"Comedy",8.9
34648,1959,83,8.2,1407,"Comedy",4.3
18046,2004,89,16.1,160,"Action",7.9
9611,1961,81,6.5,21,"Comedy",5.2
45108,2001,80,9.4,94,"Comedy",4.3
51589,1992,145,14.5,46,"Action",3.8
39707,1919,NA,5.9,5,"Action",4.6
13126,1955,96,14.1,25,"Drama",5.1
48857,2002,65,8.1,8,"Documentary",4.5
25609,1996,90,11.5,143,"Action",1.5
49898,2001,15,13.3,5,"Short",8
45069,1985,108,7.2,39,"Comedy",4.2
32345,1943,74,11.2,14,"Comedy",8.1
26049,1992,96,13.5,33,"Documentary",7.8
12713,2000,90,16,755,"Drama",4.9
16507,2004,86,9.3,99,"Drama",4.1
56965,2003,60,16.5,18,"Documentary",7.7
12008,1992,97,13.9,3735,"Drama",3.4
14708,1997,86,14.6,103,"Action",4
33775,2004,110,11.1,13,"Comedy",7.5
29596,1936,6,12.9,5,"Animation",7.4
8253,1996,5,14,79,"Drama",9.2
56693,1998,115,13.5,155,"Romance",3.4
42001,2002,8,10,7,"Short",8.3
15559,2004,18,9.6,7,"Drama",8
5432,1986,100,14.7,9,"Action",4.2
4258,1982,96,13,322,"Comedy",7.7
56060,1962,105,13.4,150,"Drama",4.8
5219,1997,90,14.5,787,"Action",8
34998,1970,110,10.6,44,"Drama",5.8
31581,1978,107,13.4,764,"Action",5.1
17162,1998,77,14.2,11,"Action",2.5
57148,1962,98,10.6,5,"Action",4.4
17385,1995,88,14.7,198,"Action",5.1
35612,1958,131,11.1,162,"Drama",3.8
56068,1989,5,13.1,54,"Animation",7.8
50610,1998,135,5.2,15,"Action",3.3
26780,1982,80,12.1,12,"Documentary",8
23681,1997,130,11.4,1803,"Drama",3.9
54132,1963,85,14.1,15,"Action",2.6
40553,2002,185,9,25,"Action",5.5
23518,2001,12,13.7,67,"Animation",2.6
58780,2002,20,12.5,13,"Short",7.6
39038,1934,21,18.3,15,"Short",8.1
29459,2002,36,11.1,11,"Drama",8.3
50822,1951,90,15.6,12,"Drama",5.2
39024,1989,91,11.5,6,"Drama",4.7
20744,2003,95,14.6,6,"Action",4.6
18575,1981,96,18.3,53,"Action",8.3
40168,2002,83,13,8,"Documentary",7.9
12687,1962,93,13,1103,"Action",4.3
6154,1981,106,11.6,171,"Drama",3.1
52943,1997,10,12.9,6,"Short",8.1
10809,1985,75,14.1,10797,"Action",7.9
35174,1938,18,11.2,60,"Comedy",7.8
20098,1988,93,6.3,208,"Drama",5.1
18061,1955,74,7.2,63,"Action",3.5
45720,2000,100,11.1,9,"Action",3.4
9838,1983,34,9.1,21,"Short",7.7
10730,1956,92,16.7,66,"Drama",3.7
27350,1984,188,11.5,360,"Comedy",3.4
50018,1974,84,11,30,"Action",3.7
26047,1966,83,17.4,8,"Action",8.7
3995,2003,9,8.7,6,"Comedy",8
23092,1995,6,14.3,10,"Comedy",8.7
24845,1985,82,7.9,65,"Action",4.8
18680,1975,7,15.2,5,"Animation",8.4
9805,1990,115,11.7,22,"Drama",4.3
10384,2004,12,10.1,12,"Comedy",7.6
30405,1996,26,8.7,7,"Short",7.5
37272,1972,90,16.3,6,"Drama",4.2
25521,2004,90,9.8,135,"Comedy",3.5
384,1962,114,13.9,548,"Drama",3
55940,1962,89,7,6,"Drama",3.5
25257,1970,115,9.3,322,"Drama",3.3
46201,2003,114,11.7,7279,"Action",8
34942,2005,152,14.7,30,"Comedy",9.2
20609,1954,98,11.3,1106,"Action",2.9
17683,1939,59,7.8,12,"Action",4.7
12571,1987,95,13.1,45,"Action",3.1
39006,1992,155,12,19,"Action",5.5
54957,2000,125,11.7,1322,"Drama",5.4
26658,1998,13,13.2,12,"Comedy",7.8
10268,1976,156,12.3,12,"Action",3.8
35356,2001,86,13.3,37,"Drama",1.9
26382,1998,91,14.4,61,"Drama",2.8
44145,2002,55,14.1,23,"Action",3.2
18481,1996,105,15.7,153,"Action",7.6
17587,2004,83,11.2,16,"Drama",3.6
33449,2002,6,15,15,"Short",8.1
30988,1972,82,11,9,"Action",4.2
36859,2003,8,9.7,7,"Comedy",7.8
1230,1999,88,11.4,30,"Documentary",8.1
7289,1988,91,12.8,14,"Animation",3.7
58767,1995,75,8.3,19,"Action",5.6
31141,1972,240,11.3,406,"Drama",5.3
54804,2003,19,15.4,5,"Drama",8
53931,1997,127,13,110,"Documentary",7.5
30348,1996,105,12.5,6,"Action",5
29522,1993,98,11.5,157,"Comedy",7.9
19304,1988,101,5.6,2942,"Comedy",3.8
20707,2003,94,12.2,20,"Comedy",8
16494,1934,87,8.1,22,"Drama",3.7
12500,1973,91,11.6,40,"Action",5.4
27684,1955,6,12.1,20,"Animation",8.3
32893,1992,106,9.7,4190,"Romance",4.2
53793,2000,90,12.8,26,"Drama",3.8
9376,1992,77,11.9,10,"Documentary",8.5
48456,1907,9,6.9,21,"Short",8
19513,2003,90,8.1,95,"Documentary",2.3
44649,1937,70,10.7,100,"Drama",3.1
36038,1986,92,10.2,162,"Action",3.7
7162,1949,92,9.5,15,"Comedy",2.5
47034,1961,132,10.8,60,"Action",2.9
18524,1989,101,12.6,10,"Documentary",7.5
2865,1995,64,14.6,17,"Documentary",8.1
57033,1995,85,7,145,"Documentary",5.9
25460,1994,92,14.3,29,"Action",4.1
48295,1949,54,8.6,5,"Action",4.1
11849,1976,71,7.8,21,"Action",4.4
22472,1995,91,12.4,65,"Action",2.6
48037,1952,75,13.3,74,"Action",3.2
18792,1970,94,16.1,31,"Drama",4.6
49229,1953,100,13.2,142,"Comedy",7.4
42025,2000,124,14.7,9155,"Drama",4.2
28873,1939,8,16.2,7,"Animation",7.7
55448,1947,72,6.3,6,"Drama",4.2
45758,2000,90,13.2,1280,"Drama",4.6
44593,2003,14,9,8,"Short",8
37999,1975,NA,5.5,52,"Drama",5
45987,1993,82,10.7,52,"Documentary",8.1
42774,1949,89,8.5,58,"Action",2.8
30827,1968,72,13.4,11,"Action",3.9
9221,1973,92,7.9,53,"Action",3
24141,1967,121,12.6,627,"Comedy",7.7
22236,1932,74,6.9,77,"Drama",5.1
2818,2002,94,16.4,53,"Comedy",8.1
45126,1958,115,11,33,"Drama",4
55744,1934,97,8.7,5,"Action",3.8
11899,1976,95,6.9,10,"Action",4.4
19828,1999,88,10.2,352,"Documentary",7.9
38516,1966,33,7.7,7,"Short",8.2
56054,2003,106,8.5,12,"Comedy",5.1
21253,1954,7,14.8,22,"Animation",7.7
18262,2001,26,13.9,7,"Comedy",7.9
52711,1999,99,7.9,280,"Comedy",3.7
7607,1998,109,14.7,9,"Action",4.4
13016,1974,93,11.9,2458,"Action",2.8
13443,1957,118,9.2,513,"Comedy",3.9
38600,1938,78,10.3,9,"Drama",4.8
26854,2003,92,9.5,2541,"Action",3.5
6373,2001,75,13.2,18,"Action",3.9
3398,1966,6,12.8,33,"Animation",7.3
1210,2003,27,12.3,8,"Drama",7.3
56252,1957,87,8.4,32,"Drama",3.9
9183,1916,38,17.6,17,"Drama",7.9
24517,1997,74,11.6,391,"Animation",4.7
31798,1989,100,8.2,33,"Action",5.5
47206,1979,98,9.1,100,"Comedy",4.1
57966,1998,90,12.7,97,"Comedy",4.8
42821,1995,42,16.9,6,"Documentary",8
21022,1967,103,7.2,48,"Drama",2.7
50669,1991,114,12.4,26,"Documentary",7.8
36354,1995,14,9.5,8,"Short",7.9
16721,1989,95,16.8,6,"Drama",2.6
28064,1961,70,10.4,7,"Drama",1.5
46232,1945,7,10.3,7,"Animation",8.3
1522,1978,NA,7.5,411,"Drama",5.6
30847,2000,108,11,46,"Comedy",4.3
55621,1967,130,10,59,"Drama",4
25989,1982,82,15.5,16,"Action",5.3
33632,1978,NA,15.4,5,"Comedy",8.6
18918,1993,86,12.5,920,"Comedy",8.3
33006,1971,96,13,7,"Action",3.7
39360,1974,90,7,5,"Action",4
44038,1964,101,11.5,316,"Romance",4
12056,1977,NA,11.7,343,"Drama",4.4
9392,2000,6,9.9,18,"Animation",3.7
18147,1998,96,14.3,9,"Drama",3.8
27845,2003,80,14.6,18,"Documentary",7.8
57193,1975,79,16.3,9,"Comedy",8.1
16692,2001,99,12.7,8,"Comedy",4.1
54530,1932,NA,16.5,13,"Comedy",8.2
34838,2002,90,11.8,70,"Comedy",4.2
34598,1930,76,14.7,14,"Drama",2.8
39179,1995,100,13.4,95,"Drama",3.4
21065,1994,105,11.3,5,"Action",3.7
54355,1981,95,9.6,10,"Action",4.5
5570,1990,93,9.4,138,"Drama",3.1
45904,1930,80,11.1,5,"Drama",4.1
5111,1954,87,12.2,53,"Action",3.9
10003,1990,58,15.3,10,"Documentary",8
8534,1993,86,11.4,30,"Drama",5
9826,1976,96,13.3,22,"Action",6
56494,1941,95,12.4,190,"Action",4.8
22370,1980,86,13,40,"Drama",5.2
37404,1940,9,11.8,21,"Animation",7.9
56646,1951,90,15.6,19,"Drama",4
50124,1940,117,11.5,115,"Comedy",4.4
7096,1897,NA,10.9,15,"Documentary",8.4
48920,1954,70,11.7,6,"Drama",4.4
508,1989,90,13.5,19,"Action",8.1
44159,2002,180,12.4,11,"Action",5.6
26581,1990,97,10.9,15,"Drama",3.8
27554,1969,92,10.9,7,"Drama",4.1
10574,1904,2,9.1,13,"Short",8
8964,1974,91,12.1,86,"Comedy",7.8
5928,2004,161,13.7,21,"Action",4.5
43484,1992,123,9.3,7933,"Drama",4
20502,1959,75,10.7,34,"Action",4.5
51020,1965,80,12.1,8,"Comedy",5
6187,2002,95,13.5,20,"Action",3.4
41601,1971,95,14,219,"Action",5.3
46881,1935,75,14.4,6,"Action",5.2
10762,1978,100,10,45,"Action",3.1
44983,1983,82,11.7,52,"Action",4.9
29144,1979,105,14.5,16,"Action",3.9
38392,2002,38,9.5,6,"Documentary",8.1
20855,1970,89,9.7,8,"Drama",3.9
45204,2004,93,9.5,2778,"Comedy",5.6
55702,1926,120,12.4,7,"Drama",3.4
16964,1998,94,11.4,78,"Action",5.1
18040,1979,90,8,70,"Action",4.6
18325,2002,7,11.9,16,"Animation",4.3
47104,1968,9,9.6,14,"Animation",4.6
49444,1984,84,9.6,20,"Action",3.1
14934,1990,85,14.6,16,"Action",4
6783,1940,9,10.9,35,"Animation",7.6
18446,1990,140,9.4,22,"Drama",2.9
6200,1973,48,10.2,10,"Action",3.9
1021,1977,88,9.7,6,"Drama",4.4
47805,1974,107,9,91,"Comedy",4.6
55168,2000,93,16.6,54,"Comedy",8
55985,2002,90,9.8,150,"Comedy",4.5
11547,1974,NA,11.6,36,"Comedy",3.9
42447,1997,92,5.5,292,"Action",4.6
14951,2004,95,15.4,57,"Action",8.4
23724,2003,92,10.4,799,"Comedy",5.1
9552,1960,169,14.7,24,"Romance",3
8252,1977,98,11.9,13,"Action",4.2
40863,1996,142,14,2221,"Drama",3.1
33530,1997,4,15.3,10,"Short",8.3
16110,1964,104,10.8,283,"Comedy",3.4
13234,1957,100,11.6,12,"Drama",4.1
48137,1939,20,18.2,26,"Drama",7.7
6604,1996,90,16.7,47,"Action",7.9
55133,1954,NA,10.5,15,"Comedy",4.6
39826,1942,61,10.4,13,"Action",4.4
4616,1934,83,6.4,6,"Romance",3.1
52279,1984,90,15.8,401,"Documentary",8.1
38693,1972,89,8.5,6,"Action",3.1
40970,2003,14,14.5,20,"Short",7.4
10895,1998,15,8.6,14,"Comedy",8.2
15590,1950,7,11.8,19,"Animation",7.8
32259,1926,66,8.4,42,"Comedy",2.4
3554,1951,98,10.5,122,"Comedy",8.5
37,1942,61,12.1,114,"Comedy",3.8
57485,1937,71,8.6,17,"Comedy",3.9
10820,1977,99,13.2,6,"Action",3.9
30476,1940,71,15.4,6,"Action",4.6
6579,1938,7,10.4,71,"Animation",8.2
58430,1966,83,11.9,49,"Drama",4.3
37827,1948,100,14.7,18,"Comedy",4.3
34537,1969,90,10.4,126,"Drama",3.6
31401,1962,106,11.4,5,"Action",4.5
21061,1937,114,5.5,5020,"Drama",3.7
42762,1998,72,10.3,111,"Documentary",8
49803,2003,84,15,114,"Documentary",8.3
41554,1951,92,17.8,45,"Drama",3.7
38303,1984,93,12.9,7,"Drama",3.3
57949,1991,111,11.4,421,"Action",3.7
25948,1933,80,19.1,12,"Action",7.3
46006,1964,110,14.2,384,"Comedy",3.9
21279,1940,99,11.4,89,"Action",3.7
15513,1969,80,13.4,6,"Comedy",5.7
33001,1969,87,10.5,13,"Action",3.1
29876,1947,118,14.1,707,"Comedy",7.5
1833,2002,78,9.6,29,"Comedy",4.2
4339,1998,88,12,22,"Drama",3.7
56306,1987,90,13.9,23,"Documentary",6.6
25787,2003,90,9.6,6,"Drama",4
216,1991,98,13.5,7,"Drama",4.1
54064,2002,119,13.3,254,"Drama",4.6
28778,1940,78,11.4,30,"Drama",2.7
53219,1992,101,11.3,1373,"Action",2
29898,2000,16,17.9,13,"Drama",8.1
30807,1957,101,11.9,6,"Drama",5.2
40167,1996,96,15.7,204,"Action",3.9
22893,1982,76,15.3,67,"Animation",3
15246,2001,9,10.7,13,"Short",7.6
10435,1991,94,11,499,"Drama",3
20637,1983,87,11.5,9,"Action",3.8
29464,2000,85,7,6,"Animation",3.9
36775,2004,25,8.6,24,"Short",8.2
34264,1952,105,10.5,5,"Action",3.2
35026,1979,124,13.8,497,"Action",3.7
57028,1946,83,12.3,9,"Drama",5.7
34547,1934,67,11.7,6,"Action",4.3
6308,1987,90,16.4,288,"Comedy",8
50244,1985,60,15,10,"Action",3.5
21604,1957,17,9.1,25,"Comedy",7.5
13778,1973,100,12.7,19,"Drama",5.2
36845,2001,117,20,951,"Action",7.5
48509,1994,94,14,122,"Comedy",8.2
31377,1975,100,10.6,99,"Action",3.1
3126,1973,105,13.1,5,"Action",3.4
9309,1958,173,7.5,27,"Comedy",4.1
10882,1984,119,14.3,352,"Documentary",8.2
18196,1989,95,10.4,2670,"Comedy",8.4
41387,1951,NA,7.6,21,"Animation",8.5
34487,1936,85,10.7,9,"Action",5.2
24765,1980,140,10.7,21,"Action",3.8
18190,2003,85,18,136,"Action",7.9
28324,1963,NA,9.7,10,"Comedy",8.5
7522,1944,115,8.3,21,"Action",4
29399,2000,126,15.9,7123,"Comedy",4.7
27564,1976,105,9.7,273,"Action",3.7
36442,1995,94,7.4,134,"Action",5.5
1199,1968,100,11.2,5,"Comedy",7.8
18890,1985,84,14.4,325,"Comedy",8.3
6931,2000,81,11,14,"Comedy",7.7
11285,1952,75,8.2,23,"Drama",4.1
15651,2000,99,11.5,54,"Drama",3.5
11257,1989,1,12.3,7,"Comedy",8
52290,1983,89,16.3,28,"Drama",4.3
34607,2004,87,12.1,135,"Drama",3
48714,1953,19,13.3,11,"Short",7.8
53573,1998,15,14,51,"Drama",7.7
30767,2003,70,14.6,15,"Drama",3.4
6502,1992,105,15,319,"Action",8.7
45815,2004,83,15.5,105,"Comedy",7.6
14864,1958,82,11.7,1718,"Action",3.8
12126,1931,80,10.2,10,"Comedy",2.4
2260,2001,90,12.5,187,"Comedy",4.7
46644,1995,131,10.6,11483,"Drama",5.5
18111,1983,29,14.3,17,"Documentary",8.3
35924,1971,109,10.1,69,"Action",3.6
4291,1946,86,11.7,54,"Action",3.4
2661,2002,92,10.4,281,"Comedy",3.5
5422,1956,110,11.2,224,"Drama",3.6
34778,1981,90,11.8,10,"Action",4.7
46353,1992,105,12,6,"Drama",4
56847,1921,64,14.4,5,"Action",4
58226,1943,77,12,9,"Comedy",7.7
51289,1986,87,8,23,"Action",3.3
14118,1985,110,10.8,10,"Documentary",7.8
45408,1996,93,9.5,23,"Drama",2.7
46085,1988,100,8.5,15,"Drama",3.5
23034,1954,147,10,817,"Drama",2.6
14376,1974,101,12.2,75,"Action",4
1304,1972,82,13.5,13,"Drama",4.9
58223,1990,104,16.9,4316,"Action",7.4
22997,1977,89,13.9,8,"Action",4.5
50003,1996,5,10.6,13,"Animation",8.4
7491,1999,121,15.4,13989,"Drama",5.3
12708,1953,5,12.3,32,"Documentary",7.5
27883,1956,133,9.9,3694,"Comedy",3.8
45780,2001,5,13.7,8,"Short",7.7
17080,2001,94,13.3,170,"Action",2.9
6092,2000,86,10.2,37,"Comedy",8.7
41038,2000,87,15,27,"Action",4.4
24731,2005,92,13.8,449,"Comedy",4.6
50797,2001,95,9.8,6,"Action",4.8
52798,1973,104,15.7,19,"Drama",5
33152,1955,90,17,10,"Comedy",3.2
56043,1942,86,11.3,18,"Drama",4.1
51836,2003,89,13.1,209,"Drama",4.2
29331,2001,113,12,177,"Drama",4.3
47520,1953,92,10.3,76,"Romance",3.3
10670,1998,92,16.2,7,"Comedy",8.5
36361,1985,98,13.1,130,"Action",5.3
48049,1933,70,13.1,316,"Action",7.5
39513,1948,47,14.4,13,"Drama",4.5
11504,2000,89,14.3,97,"Action",8.3
20412,1935,80,10.7,33,"Drama",3.6
45079,1981,99,13.4,18,"Action",3.6
9447,1944,67,9.5,167,"Action",3.4
886,1997,123,10.5,43,"Action",2.7
42642,1947,8,7.3,26,"Animation",7.8
57410,1994,12,13.4,10,"Short",7.9
3942,1999,104,15,79,"Comedy",8
56080,1958,72,9,41,"Action",5.6
43687,1978,100,13.3,160,"Comedy",4.6
12204,1987,96,11.7,8,"Action",3.5
20836,1955,9,14.7,20,"Animation",8.3
35840,1975,NA,8.2,51,"Comedy",3.7
2416,1961,75,15.2,44,"Drama",3.4
40936,1960,97,14.5,462,"Comedy",7.9
16833,2000,93,10.5,93,"Action",3.8
37781,2001,104,9.5,153,"Comedy",4.5
2528,1970,92,12.1,39,"Action",3.5
12502,1985,78,12.9,27,"Action",1.7
22433,1988,97,13.4,219,"Comedy",8.8
20850,1997,116,14.8,117,"Action",2.7
45871,1962,88,15,5,"Action",3.3
8880,1982,95,10.5,39,"Comedy",7.5
40837,2000,88,12.7,73,"Drama",2
3498,2000,92,14.2,33,"Comedy",7.5
56437,1964,94,6.3,6,"Comedy",3.9
10997,1993,88,7.8,58,"Drama",3.7
13770,1969,10,18.7,47,"Comedy",7.6
13864,1993,95,13.7,67,"Comedy",5
50833,1931,10,10.2,46,"Documentary",8.3
29590,1943,76,23.1,12,"Action",8
31671,2004,85,11.7,17,"Drama",5.5
19999,1930,11,12,7,"Comedy",7.6
23622,1989,101,9.4,9038,"Comedy",3.8
53459,1998,103,10.2,60,"Drama",3.9
3060,1925,60,8.8,17,"Comedy",4.5
11162,1947,92,11,160,"Comedy",7.9
58307,2004,110,11.5,10,"Drama",3
55082,1986,92,13,7,"Drama",4.3
34461,2003,5,13.6,5,"Comedy",7.7
44949,1998,170,13.7,100267,"Action",4.2
40749,1967,NA,22.4,15,"Documentary",8.2
20945,2003,180,17,366,"Drama",3.7
29433,2004,73,10,5,"Animation",5.4
7774,1993,90,14.7,138,"Action",3.6
21610,1964,100,9.6,40,"Documentary",8
46476,1988,105,12.6,334,"Action",3.3
48371,2004,3,12.8,9,"Animation",7.8
50064,1987,NA,12.4,581,"Action",8.3
54667,1910,17,8.7,13,"Drama",8.5
30294,1962,104,12.2,18,"Comedy",8.4
58140,1951,78,12.1,97,"Comedy",8.1
2835,2002,14,10,6,"Comedy",8.4
58401,1988,95,10.5,9,"Action",3.8
36152,1984,105,4.8,39,"Action",4.1
17571,1982,84,14.1,13,"Romance",2.7
11048,1960,113,12.8,53,"Drama",4
56622,1998,112,13.1,464,"Drama",4.2
36720,1958,86,11.3,22,"Drama",4.3
44635,2004,95,10.1,70,"Action",8.2
23335,1949,16,7.9,66,"Comedy",8.4
27180,1999,NA,11.4,39,"Comedy",3.8
35481,1981,110,14,7,"Drama",2.4
17990,1999,111,17.3,88,"Drama",3.9
10864,1953,90,14.8,6,"Drama",3.7
15184,1964,93,8.4,7,"Drama",3.6
55980,1975,109,14.3,141,"Action",4.3
19231,2001,117,11.3,135,"Drama",3.7
391,1981,83,8.4,8,"Action",4.2
24063,1941,118,12.1,2662,"Drama",4.2
9409,1972,91,7.4,13,"Action",3
25707,1962,92,16.3,19,"Drama",4.6
43968,1990,NA,15.4,5039,"Comedy",8.5
53497,2003,12,11.6,6,"Comedy",8.3
4540,1998,109,10.2,20,"Comedy",4.7
50057,1966,85,12.4,8,"Action",3.5
44762,1989,123,10.1,1165,"Drama",4
1431,1988,101,13.1,5,"Drama",3.7
26100,2005,102,14.9,1564,"Action",3.2
49494,1953,94,9.5,15,"Drama",2.7
56293,1992,91,14.6,45,"Comedy",7.7
41920,1953,79,10.4,11,"Documentary",7.8
23971,1990,100,7,1065,"Comedy",3.9
48917,1953,92,8.4,14,"Action",6.7
32646,1987,106,13,3288,"Action",8
27053,2001,92,12,20690,"Action",5.4
7686,2003,84,7.9,368,"Comedy",4.8
10582,1997,96,16.5,407,"Drama",4.3
35205,1997,30,12.2,16,"Short",7.5
35519,1986,90,7.6,8,"Drama",3.1
54809,1953,100,14.9,9,"Drama",2.7
49580,1986,90,12.1,48,"Documentary",8.1
39603,2004,93,15.1,2019,"Comedy",8.6
2625,1930,97,14.1,2250,"Comedy",8.7
52495,1958,92,15.3,18,"Action",4.6
14645,1974,10,11.9,5,"Comedy",7.5
14397,1991,NA,7.7,21,"Action",3.6
37116,1999,98,18.5,7,"Action",8
39272,1975,121,16.6,9,"Drama",3.8
45536,1960,81,5.4,12,"Drama",4.9
14718,1929,20,12.9,60,"Comedy",7.9
569,1998,90,9.2,12,"Action",4.1
50625,1972,85,12.7,21,"Comedy",8.3
44545,1996,93,5.3,75,"Drama",3.5
55336,1921,52,9.5,5,"Action",5.7
56801,1941,78,11.3,77,"Comedy",7.9
13931,1997,89,14.1,64,"Comedy",4.7
5647,2001,10,12.7,42,"Short",8.2
53198,1968,92,13.9,6,"Comedy",3.3
22564,1949,115,8.8,1252,"Drama",5.4
2898,1997,14,5.1,11,"Short",9.1
3698,2002,96,11.2,877,"Action",9
21819,1944,95,13.5,34,"Drama",3.1
25007,1937,7,12.8,25,"Animation",8.2
24392,1986,92,14.3,18,"Action",5.1
33813,1996,97,8.9,35,"Action",5.2
11898,1986,99,13.1,34,"Action",3.4
51376,2000,10,11.8,42,"Comedy",7.2
27990,1956,94,11.3,223,"Action",3.9
42653,1909,11,12.1,29,"Short",8.6
33501,1981,85,16.4,34,"Drama",2.3
12849,1987,79,13.8,970,"Drama",3.7
57719,1994,66,13.3,77,"Drama",5
5986,2002,90,7.9,37,"Action",4.8
41969,1971,87,16.4,90,"Drama",3.9
11605,1995,78,14.9,12,"Action",3.7
43680,1967,9,12.9,13,"Short",8.7
7239,2000,75,12.9,67,"Drama",4.2
31291,1990,78,12.8,9,"Drama",2.6
56681,1994,126,10.2,3563,"Drama",3.6
38949,1901,2,16.2,27,"Comedy",7
50311,1933,77,14.2,8,"Drama",2.8
3528,1994,87,15.9,10,"Documentary",8.4
29163,1932,231,14.6,27,"Action",5
30259,1938,86,14,16,"Drama",3.2
10202,1972,94,9.4,144,"Drama",3.6
48040,1991,95,10.5,62,"Drama",3
44825,1997,86,9.1,7,"Drama",3.8
3511,1972,120,16.6,43,"Action",8.5
2057,2004,NA,13.8,28,"Action",7.5
45947,1927,110,12.5,115,"Drama",4.1
9523,2000,104,7.3,496,"Action",4.8
56576,2001,13,12,16,"Comedy",8.4
50305,1999,95,13.4,5811,"Comedy",4
19413,1983,99,8.1,182,"Comedy",3
7206,1962,115,9,288,"Comedy",3.1
3249,1979,95,15.3,17,"Drama",3.9
13755,1940,155,13.5,6,"Action",5.7
26804,2003,10,14.2,5,"Drama",7.6
10564,2002,70,15.9,5,"Documentary",8.1
31252,2003,121,10.8,1567,"Drama",4.1
15294,1991,107,8.1,1509,"Comedy",3.6
37744,1939,94,14.7,25,"Comedy",7.8
57671,1937,8,10.7,42,"Animation",8.5
38367,1962,97,14.9,33,"Drama",3.1
51628,1943,95,9.9,5,"Action",3.6
32965,1985,96,6.1,18,"Comedy",3.2
48780,2004,110,9.9,1211,"Drama",3.8
50148,1977,95,8.7,4294,"Action",4.6
13995,1984,90,11.3,5,"Action",3
44171,1977,93,7.1,50,"Drama",2.5
7495,1982,111,17.5,352,"Comedy",8.1
57156,1999,92,13.3,45,"Action",3.2
43970,2003,136,12.5,396,"Drama",5.3
47122,1993,107,15.6,4590,"Comedy",8.2
52925,1971,72,7.5,34,"Action",4.7
41226,1998,82,14.4,131,"Comedy",7.6
771,2001,91,15,35,"Drama",3.6
18711,2000,97,14.2,496,"Action",2.9
33381,1999,102,18.7,7247,"Comedy",7.8
19646,1974,80,6.6,40,"Action",3.4
6917,1990,110,9.7,23,"Action",4.5
12666,1999,80,14.3,31,"Drama",5.2
19634,1929,80,10.6,7,"Action",2.4
41529,1999,2,13.5,18,"Animation",7.8
29134,2004,88,11.5,37,"Documentary",7.7
13611,1937,61,12.2,8,"Action",4.3
45844,1985,88,10,603,"Comedy",7.5
56598,1944,9,14.5,50,"Animation",7.2
52550,1951,93,14.3,54,"Drama",3.1
54464,1991,60,13.2,11,"Action",3.6
28657,1986,90,15.8,28,"Drama",4.5
10369,1963,320,10.2,2612,"Drama",3.7
19945,2005,85,15.4,23,"Drama",4.9
52889,2004,88,13.6,33,"Drama",3.3
53285,2001,100,5.2,22,"Action",3.6
19287,2003,112,5.7,5,"Drama",4.1
10335,1974,95,12,179,"Drama",3
44424,1923,70,13.1,757,"Action",5.2
37285,2000,101,9.7,11,"Action",5.6
12196,1945,82,13,144,"Action",4.2
15689,1999,103,11.8,17521,"Comedy",8
52884,2004,82,19.2,47,"Comedy",8.7
11955,1991,91,12,32,"Action",3.3
58093,2000,6,5.6,7,"Comedy",7.5
45606,2002,60,13.3,8,"Documentary",7.9
25045,2004,82,10.9,9,"Documentary",8.2
7263,2002,96,12.1,5,"Drama",3.3
37885,1996,90,14.4,55,"Action",3.4
46719,1990,88,13.1,582,"Comedy",8.1
47915,2000,20,18,9,"Short",8
15496,1998,90,9.8,61,"Comedy",4.6
28222,2001,100,16.9,12,"Action",8.1
36176,2003,110,14.3,7,"Drama",3.9
2727,1950,107,8.4,529,"Comedy",4.8
39159,1984,5,6.8,17,"Animation",7.6
15060,1951,7,10.7,35,"Animation",8.6
36954,1955,11,12.9,7,"Short",8.1
13966,1971,99,12.9,59,"Documentary",8.4
14322,2002,14,6.9,8,"Comedy",7.9
47288,1949,64,10.7,73,"Action",3.8
28446,1999,119,11.7,224,"Drama",2.8
9595,1978,85,10.9,8,"Comedy",8.3
28815,1948,73,6.5,8,"Drama",4.6
17513,1994,91,13,74,"Action",4.9
34636,1956,105,11.4,245,"Drama",3.8
56748,1970,82,13.7,385,"Comedy",8.3
30993,2001,5,7.4,57,"Comedy",8.4
51196,1981,67,12.8,8,"Drama",3.4
33678,2004,104,17.1,20,"Animation",4.7
18286,1954,100,11.8,13,"Drama",2.5
32620,1965,89,13.7,13,"Action",5.8
27518,1915,3,12,5,"Animation",3.9
12479,1993,122,9.6,1757,"Action",4
49277,1951,93,15.5,107,"Drama",4
51825,1941,11,13.3,17,"Short",8.2
3564,1977,113,9.2,616,"Drama",3.8
39456,1986,120,14.4,9,"Action",5.2
784,1989,92,11,10,"Action",4.5
3595,1933,84,18.8,12,"Comedy",7.4
1835,2005,NA,13.1,14,"Drama",4.8
18867,1991,60,10.3,6,"Documentary",7.6
14867,1969,80,9.5,33,"Comedy",3.3
8080,1967,105,9.5,111,"Comedy",2.3
9225,2003,80,10.1,83,"Drama",3.6
57197,1940,6,12.2,11,"Animation",7.9
45450,1987,NA,11,12,"Comedy",3.2
17637,1963,97,7,5,"Comedy",4.6
57081,1997,102,10.9,8,"Comedy",7.9
41129,1980,99,9.8,6,"Comedy",4.2
27184,1999,110,13,497,"Drama",4.7
8806,1964,92,10.8,448,"Comedy",8.3
8257,1995,87,14.1,18,"Comedy",8.6
48909,1999,133,12.2,84488,"Action",4.8
46953,1998,91,12.6,5,"Action",3
57455,1995,100,9,5,"Action",3.5
18866,1958,85,12.1,102,"Action",3.4
27055,1996,95,11.1,274,"Comedy",4.4
16258,2002,28,13.9,19,"Short",7.3
7252,1994,90,12.6,72,"Comedy",8
41119,2000,100,6.5,735,"Drama",4.6
52439,1995,98,18.9,229,"Action",7.4
43378,1952,78,10.8,8,"Action",3.1
7151,1960,82,15.4,34,"Action",3.7
38399,1946,83,9.7,20,"Comedy",8
24143,1991,80,6,10,"Drama",3.1
14684,1950,64,10.7,31,"Drama",5.2
19451,1949,84,12.6,7,"Comedy",8.4
24865,1998,101,13.6,102,"Action",3.7
22119,1990,93,14.2,1323,"Action",8
19164,1976,95,15,1306,"Comedy",8.3
53199,2001,84,14.1,301,"Documentary",8
51355,1996,90,14.4,29,"Drama",4.7
4095,1995,85,15.6,618,"Drama",5.9
54354,1994,27,11,7,"Short",7.8
45615,1980,100,7.4,1195,"Comedy",2.8
57732,1994,114,10.7,76,"Drama",3.2
10155,1975,92,11.9,25,"Comedy",8.2
34924,1970,93,10.1,11,"Comedy",7.9
23854,1979,78,13.3,17,"Action",5.1
39063,1961,98,13.8,217,"Drama",5.2
47172,1939,57,6.6,5,"Action",4.2
10911,1994,113,10.7,27,"Drama",3
33111,1972,90,9,1775,"Action",4.4
13919,1942,8,15.3,23,"Animation",8.2
31238,1996,95,14.5,29,"Comedy",8.1
32971,2001,94,14.8,196,"Comedy",3.8
49594,1929,62,9.5,7,"Action",3.6
30505,1946,11,9.6,5,"Short",8.2
27915,1940,58,8.5,9,"Drama",2.8
46599,1996,83,8.7,18,"Comedy",3.2
29264,1938,58,8.8,7,"Action",4.9
1622,1998,11,10.3,9,"Comedy",8.6
2329,1965,126,16,117,"Comedy",8
58538,1999,89,12.2,5,"Drama",4
23111,2000,98,9.7,47,"Drama",4.5
52481,1981,87,10.3,15,"Comedy",7.9
56061,1930,81,18.6,24,"Drama",3
29210,1931,72,10,30,"Comedy",8.4
14109,1991,90,14.5,17,"Action",4
58259,1967,93,11.6,20,"Drama",3.1
4434,1993,NA,16.9,7,"Comedy",7.8
41315,1975,98,8.5,391,"Comedy",3.3
20443,2002,72,4.3,5,"Drama",3.8
2821,1996,80,12.9,31,"Drama",2.1
28504,1992,101,13.4,27,"Action",2.6
19042,1981,87,12.2,3794,"Action",3.5
12547,1993,99,9.3,99,"Comedy",3
25463,1951,87,13.3,7,"Drama",4.2
28880,1970,112,11.5,135,"Comedy",7.3
9155,1994,180,6.8,9,"Documentary",3.8
5485,1944,NA,12.6,12,"Drama",4.8
57745,1993,165,10.8,10,"Drama",3.5
45389,1993,110,14.4,7771,"Drama",6
42989,1979,26,14.2,7,"Comedy",7.4
20993,1990,95,9.7,297,"Drama",5.2
11997,1998,14,12.3,10,"Short",7.5
17743,2005,78,8.9,7,"Comedy",3.6
43599,1968,60,13.3,35,"Drama",3.8
40571,1971,88,14.8,24,"Drama",4.2
16484,1971,88,11.1,136,"Action",4.5
785,1959,99,7.4,6,"Action",3.6
58329,1986,81,16.2,17,"Action",8.1
54230,1946,69,13.2,7,"Action",2.8
38510,1952,81,12.6,12,"Action",5
13627,1974,88,15,39,"Action",4.4
27310,2000,86,14.4,167,"Drama",3.9
36987,2004,123,12.9,8830,"Drama",3.7
16239,1995,93,9.9,35,"Drama",3.9
37992,2000,109,16,88,"Drama",6.1
15334,1929,126,12.8,71,"Drama",4.1
46298,1949,70,13.8,15,"Drama",4.4
42843,2002,37,11.8,12,"Drama",8
14147,1930,NA,9.3,16,"Animation",2.5
49831,1977,83,14.2,113,"Action",1.7
47366,1937,70,15.3,9,"Drama",4.2
39052,1997,100,13.1,226,"Comedy",8.5
42516,1998,100,10.7,216,"Comedy",3.7
50407,1924,5,12.4,31,"Animation",8
5876,2001,NA,13.8,1327,"Comedy",8.5
8673,1991,83,6.8,1257,"Comedy",2.9
45300,1999,9,2.6,23,"Comedy",7.7
52716,2002,83,9.7,5,"Action",5.3
43951,1982,27,19.5,47,"Short",8
3412,2000,99,23.7,34,"Action",8.1
36907,1959,136,8.3,35648,"Action",3.3
11466,1983,115,9.8,25,"Action",5
25747,1995,84,9.1,18,"Action",5.2
1069,1947,65,12.4,5,"Action",5.6
29524,1894,1,13.1,20,"Documentary",8
13282,1986,127,13.7,31,"Action",4.3
29162,1970,100,9.5,29,"Drama",3.6
2930,1989,157,12.7,13,"Action",4.1
2232,1903,1,11.7,11,"Short",7.8
40938,2002,90,16.4,9,"Drama",5
6840,1946,7,12.2,66,"Animation",9.1
52757,1971,78,14.8,16,"Drama",4.8
1597,2002,98,11.6,266,"Drama",4.6
57137,1984,92,6,31,"Action",5.7
57873,1983,98,11.3,20,"Action",3.7
54686,1984,145,9.9,19,"Action",3.3
14062,1940,90,11.6,73,"Drama",2.9
28674,1932,63,13,16,"Comedy",8
11723,1994,115,13.9,1112,"Comedy",3.4
39883,2003,NA,8.3,733,"Comedy",3.8
22203,2001,112,9,28,"Drama",2.2
13150,1954,132,14.3,98,"Comedy",4.1
50262,1979,99,7.1,6,"Action",2.5
7644,1976,84,11.5,52,"Action",3.9
57736,1991,NA,11.1,33,"Action",2.9
800,1997,91,13.1,9,"Action",5.2
17531,1957,87,14.7,43,"Action",2.8
53627,1981,94,16.4,135,"Comedy",4.1
3808,1999,175,12.4,83,"Action",7.9
42649,1996,90,7.6,120,"Action",4.8
42339,1940,68,8.7,11,"Action",3.1
21360,1998,101,13.1,44,"Comedy",8.4
28890,2000,88,12.1,18,"Comedy",4.6
21573,1963,90,8.1,43,"Action",4.8
30076,1994,80,10,8,"Drama",4.6
22667,1933,17,16.4,14,"Comedy",8.5
9450,1938,67,15.6,191,"Action",7.8
32166,1993,104,18,5044,"Comedy",8.3
48255,1982,87,12,36,"Comedy",8.4
47637,2002,15,7.9,18,"Short",8.2
30538,1999,81,20.9,15,"Action",8.3
56990,1981,80,11.3,7,"Action",3.3
253,1999,87,8.2,18,"Comedy",4
11626,1956,91,15.8,48,"Drama",3.2
24665,1933,87,5.7,306,"Comedy",3.7
7653,1976,97,14.2,7,"Comedy",8.6
41889,1998,112,12.9,76,"Drama",3.6
55270,1993,95,5.7,16,"Comedy",3.4
6140,1974,NA,11.7,17166,"Comedy",7.9
51594,2003,100,9,11,"Comedy",2.5
31753,1971,97,13.2,21,"Comedy",5.4
47832,1999,90,15.1,77,"Comedy",8.4
35095,1932,30,13,773,"Comedy",8.3
51815,1974,93,5.7,13,"Comedy",3.9
39949,1985,95,13.1,18,"Drama",4.4
19195,2000,NA,13.6,58,"Action",5.1
1571,1972,90,8.5,24,"Comedy",3.6
9048,1970,83,13.7,27,"Comedy",8.3
33040,2004,120,14.6,81,"Documentary",7.4
29298,1991,85,14.7,6,"Action",4.2
47069,1930,8,11.1,14,"Animation",8.1
34248,1972,100,11.2,18,"Drama",4.4
24014,1953,90,9,1386,"Action",3.8
30895,1954,89,9.7,24,"Comedy",4.2
10668,1994,133,13.3,4646,"Drama",3.9
32753,2005,91,18.3,37,"Comedy",7.7
36323,1936,25,13.4,97,"Documentary",7.7
